YEAR,MNTH,DAY,AAR,ADWIC,ADEIC
1723,7,7,5,91.5,660
1723,7,12,5.07,90.5,660
1723,7,14,5.125,91,660
1723,7,16,4.935,91,665
1723,7,19,5,91.5,665
1723,7,21,5,91.5,665
1723,7,23,4.935,91.25,665
1723,7,26,5,92.25,665
1723,7,28,4.938,92.25,665
1723,7,30,5,92.25,663
1723,8,2,4.875,92,663
1723,8,4,5,91.25,651
1723,8,6,4.935,91,640
1723,8,9,4.875,91,640
1723,8,11,4.938,91,640
1723,8,13,4.875,90.5,640
1723,8,16,4.938,90.5,640
1723,8,18,4.875,89.5,640
1723,8,20,4.875,90,640
1723,8,23,4.875,90,645
1723,8,25,4.875,90,645
1723,8,27,4.875,90,640
1723,8,30,4.938,90,640
1723,9,1,4.938,89.75,638
1723,9,3,4.938,89.5,640
1723,9,6,4.938,89.5,640
1723,9,8,5,90,640
1723,9,10,5,90,635
1723,9,13,5,90,635
1723,9,15,4.938,90.5,638
1723,9,17,4.938,90.25,640
1723,9,20,4.875,90.5,640
1723,9,22,4.875,90.5,640
1723,9,24,4.875,92,640
1723,9,27,4.938,92,640
1723,9,29,4.875,91.5,639
1723,10,1,4.938,92,640
1723,10,3,4.875,91.5,638
1723,10,6,4.875,88.5,635
1723,10,8,4.938,89.5,635
1723,10,11,4.875,88,636
1723,10,13,5,88,635
1723,10,15,5.125,89,636
1723,10,18,5.125,88,635
1723,10,20,5.125,87.75,635
1723,10,22,5.125,88,635
1723,10,25,5.125,87.75,635
1723,10,27,5.125,87.25,634
1723,10,29,5.125,88,632
1723,11,1,5.125,88,632
1723,11,3,5.125,88,632
1723,11,5,5.125,88.25,632
1723,11,8,5.063,88.25,632
1723,11,10,4.875,88.25,632
1723,11,12,5,88.25,632
1723,11,15,4.75,88.25,632
1723,11,17,4.875,88,632
1723,11,19,4.75,87.75,631
1723,11,22,4.875,87.75,632
1723,11,24,4.813,87.75,634
1723,11,26,4.938,87.5,635
1723,11,29,4.938,87.5,635
1723,12,1,5,87.5,635
1723,12,3,4.875,87.5,642
1723,12,6,4.875,87.5,642
1723,12,8,4.813,87.25,642
1723,12,10,4.875,86,642
1723,12,13,4.75,86.5,645
1723,12,15,4.75,87.5,654
1723,12,17,4.75,87,642
1723,12,20,4.75,87,640
1723,12,22,4.75,87,640
1723,12,24,4.75,87,638
1723,12,27,4.75,87.5,642
1723,12,29,4.75,87.5,642
1723,12,31,4.75,87.5,648
1724,1,3,4.75,87.5,650
1724,1,5,4.75,87.5,650
1724,1,7,4.75,87.5,650
1724,1,10,4.75,87.5,650
1724,1,12,4.625,87.5,648
1724,1,14,4.625,87.5,645
1724,1,17,0,87.5,645
1724,1,19,0,88.5,648
1724,1,21,0,89,647
1724,1,24,0,88.75,648
1724,1,26,0,88.75,646
1724,1,28,0,88.25,645
1724,1,31,4.75,88.5,645
1724,2,2,4.625,88,640
1724,2,4,4.625,88,640
1724,2,7,4.625,88,640
1724,2,9,4.625,87.75,636
1724,2,11,4.625,87.5,635
1724,2,14,4.625,87.5,635
1724,2,16,4.625,87,634
1724,2,18,4.625,87,636
1724,2,21,4.683,87,630
1724,2,23,4.75,87,630
1724,2,25,4.875,87,627
1724,2,28,4.875,87,624
1724,3,1,4.875,87,622
1724,3,3,4.875,87,620
1724,3,6,4.875,87,625.25
1724,3,8,4.875,87,627
1724,3,10,4.875,87,627
1724,3,12,4.875,87,630
1724,3,15,4.875,87,629
1724,3,17,4.813,87,629
1724,3,20,4.938,86.5,629
1724,3,22,4.875,86.5,629
1724,3,24,4.875,86.25,630
1724,3,27,4.875,86.25,630
1724,3,29,4.75,86.25,630
1724,3,31,4.875,86.5,630
1724,4,3,4.75,86,636
1724,4,7,4.813,86,638
1724,4,10,4.75,86,640
1724,4,12,4.75,86,640
1724,4,14,4.875,86,640
1724,4,19,4.875,86,642
1724,4,21,4.875,85.5,646
1724,4,24,4.875,85.5,648
1724,4,26,4.683,85.5,648
1724,4,28,4.625,86,648
1724,5,1,4.625,86,648
1724,5,3,4.5,86.25,648
1724,5,5,4.5,86.25,633
1724,5,8,4.625,86.25,633
1724,5,10,4.625,86.25,631
1724,5,12,4.625,86.5,631
1724,5,15,4.625,87,631
1724,5,17,4.625,87,633
1724,5,19,4.5,86.75,635
1724,5,22,4.438,86.75,640
1724,5,24,4.563,87,640
1724,5,26,4.625,87,640
1724,5,29,4.625,87,640
1724,5,31,4.625,87.5,640
1724,6,2,4.625,87.5,640
1724,6,7,4.625,87,642
1724,6,9,4.625,86.75,646
1724,6,12,4.5,86.75,650
1724,6,14,4.5,86.75,650
1724,6,16,4.5,86.75,650
1724,6,19,4.5,86.75,650
1724,6,21,4.625,86.75,650
1724,6,23,4.625,87.75,651
1724,6,26,4.625,87.5,652
1724,6,28,4.625,87.5,653
1724,6,30,4.625,88.25,653
1724,7,3,4.625,88.5,653
1724,7,5,4.625,88.5,648
1724,7,7,4.625,88.75,645
1724,7,10,4.625,89.5,645
1724,7,12,4.625,89.5,645
1724,7,14,4.625,89.5,643
1724,7,17,4.625,89.5,643
1724,7,19,4.625,89.75,643
1724,7,21,4.625,89.5,634
1724,7,24,4.625,89.5,636
1724,7,26,4.5,89.75,636
1724,7,28,0,89.5,636
1724,7,31,4.375,89.75,636
1724,8,2,4.375,89.75,636
1724,8,4,4.563,89.75,634
1724,8,7,4.563,89.75,630
1724,8,9,4.563,89.5,630
1724,8,11,4.563,90,630
1724,8,18,4.5,89.25,628
1724,8,21,4.5,89,628
1724,8,23,4.5,89,628
1724,8,25,4.5,89,626
1724,8,28,4.5,89,626
1724,8,30,4.5,88.75,626
1724,9,1,4.5,88.75,626
1724,9,4,4.5,88.75,626
1724,9,6,4.5,88,620
1724,9,8,4.5,88.25,618
1724,9,11,4.5,88.25,616
1724,9,13,4.5,88.25,612
1724,9,15,4.5,88.25,612
1724,9,18,4.5,88.25,612
1724,9,20,4.5,88.25,612
1724,9,22,4.5,88.25,609
1724,9,25,4.5,88.25,609
1724,9,27,4.5,88.25,608
1724,10,2,4.5,88,603
1724,10,4,4.5,88.25,604
1724,10,6,4.5,89,607
1724,10,9,4.5,89,607
1724,10,11,4.5,89,615
1724,10,13,4.5,89,615
1724,10,16,4.563,89,615
1724,10,18,4.5,89.5,615
1724,10,20,4.625,89.75,615
1724,10,23,4.625,89.5,615
1724,10,25,4.625,89.5,615
1724,10,27,4.625,89.25,616
1724,10,30,4.625,89.25,618
1724,11,1,4.625,89.62,620
1724,11,3,4.625,90.5,623
1724,11,6,4.5,90.5,623
1724,11,8,4.5,90.5,626
1724,11,10,4.5,90.5,635
1724,11,13,4.5,90.5,638
1724,11,15,4.5,90.5,636
1724,11,17,4.5,90.5,636
1724,11,20,4.5,90.5,638
1724,11,22,4.5,91.25,638
1724,11,24,4.5,91.5,634
1724,11,27,4.5,91.5,634
1724,11,29,4.438,91.25,629
1724,12,1,4.375,91.25,629
1724,12,4,4.438,91.25,629
1724,12,6,4.25,91.25,625
1724,12,8,4.25,91.25,623
1724,12,11,4.375,91,621
1724,12,13,4.25,91,622
1724,12,15,4.375,91.25,622
1724,12,18,4.375,91.5,625
1724,12,20,4.375,87.5,630
1724,12,27,4.5,87.75,635
1724,12,29,4.5,87.5,638
1725,1,1,4.5,87.5,636
1725,1,3,4.625,87.25,633
1725,1,8,4.5,87,628
1725,1,10,4.5,87.5,630
1725,1,12,4.5,87.5,630
1725,1,15,4.5,87.5,630
1725,1,17,4.5,87.5,630
1725,1,19,4.375,87.25,630
1725,1,22,4.5,87.5,628
1725,1,24,4.5,87,625
1725,1,26,0,86.5,624
1725,1,29,0,86.5,620
1725,2,2,4.25,86,620
1725,2,7,4.25,86,620
1725,2,9,4.25,86,615
1725,2,14,4.25,86,617
1725,2,19,4.125,86,618
1725,2,21,4.25,86.5,618
1725,2,28,4.375,87.5,616
1725,3,5,4.375,87.5,630
1725,3,7,4.438,88.25,630
1725,3,9,4.375,89.5,630
1725,3,16,4.75,90.75,643
1725,3,19,4.438,90.75,643
1725,3,21,4.5,90.25,643
1725,3,23,4.438,90,642
1725,3,26,4.375,90,642
1725,3,28,4.25,90,642
1725,4,4,4.25,89.5,644
1725,4,6,4.25,88,644
1725,4,11,4.375,88.12,642
1725,4,13,4.25,86.25,642
1725,4,18,4.375,85.75,650
1725,4,23,4.25,85.5,651
1725,4,25,4.125,85.5,653
1725,4,30,4,84.25,655
1725,5,7,4.125,84,635
1725,5,14,4.25,84,631
1725,5,23,4.25,84.5,643
1725,5,28,4,84.5,644
1725,5,30,4.125,84.75,640
1725,6,6,4.125,84.25,641
1725,6,11,4.25,84.25,638
1725,6,13,4.375,84.25,640
1725,6,18,4.25,84.5,640
1725,6,25,4.25,84.25,640
1725,6,27,4.25,84,640
1725,7,4,4.25,84.25,645
1725,7,11,4.25,84,652
1725,7,18,4.375,84,655
1725,7,23,4.375,84,655
1725,7,30,4.375,85,658
1725,8,1,4.375,84,654.5
1725,8,6,4.375,84,650
1725,8,13,4.5,83,648
1725,8,20,4.5,83.5,647
1725,8,22,4.5,83.5,647
1725,8,29,4.625,84,645
1725,9,12,4.5,84,646
1725,9,14,4.375,84,646
1725,9,17,4.375,84,648
1725,9,26,4.375,84,658
1725,10,3,4.375,83,656
1725,10,19,4.75,82,640
1725,10,22,4.875,82,638
1725,11,7,4.875,81.5,650
1725,11,12,4.875,85.25,645.5
1725,11,26,4.75,85.5,655
1725,11,28,4.75,87,643
1725,12,3,4.625,87,653
1725,12,12,4.5,84.25,650
1725,12,17,4.75,83.5,644
1725,12,24,4.75,87,649
1726,1,7,4.5,88,652
1726,1,11,4.625,86.25,650
1726,1,16,4.5,86.5,656
1726,1,18,4.5,86.5,654
1726,1,23,4.5,87,650
1726,1,30,4.5,86.25,646
1726,2,6,4.5,87.25,636
1726,2,13,4.563,86.5,636
1726,3,8,4.625,86.5,642
1726,3,11,4.683,87.5,642
1726,3,18,4.75,87,636
1726,3,25,4.75,86,636
1726,4,3,5.625,86.5,632
1726,4,17,4.75,88,640
1726,5,10,4.875,89.25,650
1726,5,15,5,89.25,642
1726,5,20,4.75,88,642
1726,6,5,4.875,86.5,600
1726,6,17,5,86.5,600
1726,6,24,4.813,86,604
1726,7,1,5,85.5,604
1726,7,8,4.875,85,592
1726,7,10,4.875,85.5,595
1726,7,15,4.875,86,600
1726,7,22,0,86.5,607
1726,7,31,0,87,607
1726,8,7,5,86.75,607
1726,8,14,5,86,597
1726,8,19,5,86.25,600
1726,8,26,5,86.5,600
1726,8,28,5,86.5,600
1726,9,2,4.875,86.5,602
1726,9,9,5,86.5,600
1726,9,16,5.125,86.5,602
1726,9,18,5,86.5,604
1726,9,23,5,86,606
1726,9,25,5,86.25,606
1726,9,30,5,86,608
1726,10,7,5,86,606
1726,10,9,4.875,86,606
1726,10,21,5,85.5,600
1726,10,23,5.125,84.5,600
1726,10,30,5.063,84.5,596
1726,11,4,5.125,84.25,596
1726,11,6,5,84.5,592
1726,11,13,5.125,84,585
1726,11,15,5.125,83.75,585
1726,11,18,5.063,83.5,582
1726,11,20,5,83,580
1726,11,25,4.75,80.5,575
1726,12,2,4.875,77.75,570
1726,12,4,4.875,77.5,568
1726,12,9,4.875,77,566
1726,12,11,4.75,77.25,565
1726,12,13,4.875,77.25,563
1726,12,16,4.875,77.25,565.5
1726,12,18,4.875,77.5,565
1726,12,23,4.875,77.5,570
1726,12,30,5,77.5,570
1727,1,1,5,77.5,570
1727,1,3,5,77.5,570
1727,1,10,5,76.5,568
1727,1,15,5,78,562
1727,1,17,5,75.75,562
1727,1,22,5,75.75,560
1727,1,27,5,74.5,563
1727,1,29,5.063,74.5,563
1727,2,5,5,74.5,572
1727,2,7,5.063,74.75,572
1727,2,10,5.125,76.25,573
1727,2,12,5.125,78.5,578
1727,2,19,5.19,78,580
1727,2,24,5.125,77.75,584
1727,2,26,5.125,76.75,585
1727,3,5,5,77.25,584.5
1727,3,10,5,77.5,585
1727,3,17,5.063,77.5,585
1727,3,31,5,76,580
1727,4,7,5.125,75.25,580
1727,4,16,5.063,76,585
1727,4,21,5,76.25,595
1727,4,28,4.875,76,608
1727,4,30,5,76,610
1727,5,5,4.875,76,610
1727,5,7,4.813,76,610
1727,5,12,4.75,76,595
1727,5,14,4.75,76.75,596
1727,5,19,4.75,76.75,596
1727,5,26,4.875,76.5,598
1727,5,28,5,76,594
1727,6,6,5,78,610
1727,6,9,5,81,620
1727,6,11,5,83,620
1727,6,16,4.875,82,620
1727,6,18,4.875,82,620
1727,6,20,4.875,81.5,630
1727,6,23,4.875,80,625
1727,6,25,4.875,80,625
1727,6,30,4.875,80,628
1727,7,2,5,81,630
1727,7,9,4.875,82.75,632
1727,7,14,4.75,81.5,640
1727,7,17,4.75,82.5,645
1727,7,18,4.75,82,652
1727,7,21,0,81.75,654
1727,7,23,0,81.5,656
1727,7,25,0,81.5,650
1727,7,30,0,81,648
1727,8,4,4.875,80.75,656
1727,8,6,4.875,80.75,650
1727,8,11,5,80.5,645
1727,8,13,5,80.5,652
1727,8,18,5,80.5,650
1727,8,20,5.063,80.25,650
1727,8,25,5,79.5,655
1727,8,27,4.875,79.5,655
1727,9,1,5,79.25,656
1727,9,3,5,79.25,658
1727,9,8,4.875,79.5,658
1727,9,10,4.875,79.5,656
1727,9,21,4.875,80,650
1727,9,23,4.875,80,646
1727,9,29,4.875,80,642
1727,10,1,4.875,80,640
1727,10,6,5,80.5,650
1727,10,8,5,80,648
1727,10,13,5.125,80,646
1727,10,14,5.125,79.75,646
1727,10,17,5,79.75,640
1727,10,20,5,80,640
1727,10,22,5,79.5,642
1727,10,27,5.063,80,643
1727,10,31,5.125,80,644
1727,11,3,5.125,80,644
1727,11,5,5,80,643
1727,11,10,5.125,80,640
1727,11,12,5.125,80,642
1727,11,19,5.125,80,640
1727,11,24,4.875,79.5,636
1727,11,26,4.875,79.75,638
1727,12,2,4.75,80,640
1727,12,3,4.875,80,645
1727,12,8,4.875,80,643
1727,12,15,4.875,79.5,643
1727,12,17,4.75,81,650
1727,12,19,4.75,81,650
1727,12,22,4.875,81,650
1727,12,29,4.938,80.5,650
1728,1,2,4.875,80.5,646
1728,1,12,4.875,77,642
1728,1,16,4.875,76.5,643
1728,1,19,4.875,76.5,645
1728,1,23,4.875,75.5,643
1728,1,28,5,76.5,643
1728,2,2,5,76.5,647
1728,2,9,5,77,655
1728,2,13,5,76.5,653
1728,2,16,4.875,76.5,654
1728,2,20,4.875,76.5,655
1728,2,23,5,76.5,655
1728,3,3,5,76.5,646
1728,3,8,5,75,645
1728,3,22,5,75,622
1728,4,5,4.875,74.5,615
1728,4,7,4.875,74.75,616
1728,4,12,4.875,75,618
1728,4,19,4.75,75,620
1728,5,3,4.875,76.5,635
1728,5,4,4.875,76.5,635
1728,5,24,4.875,77.5,625
1728,5,31,4.75,77.75,630
1728,6,7,4.75,77.5,631
1728,6,14,4.75,77.25,632
1728,6,21,4.75,77,632
1728,6,30,4.75,76.5,628
1728,7,5,4.625,76.5,622
1728,7,12,4.625,75.5,620
1728,7,19,0,75.25,620
1728,7,26,0,75,622
1728,8,2,4.625,74.25,625
1728,8,16,4.625,74.25,621
1728,8,23,4.625,74.5,625
1728,9,13,4.75,74.5,628
1728,9,29,4.875,74.5,628
1728,10,4,4.75,74.5,628
1728,10,11,4.875,74.5,628
1728,10,25,4.938,74.5,631
1728,11,1,4.875,74.5,630
1728,11,12,5,73.5,630
1728,11,15,4.875,73.5,631
1728,11,17,4.875,73,631
1728,11,22,4.875,73,627
1728,11,26,4.75,73,629
1728,11,29,4.875,73.25,631
1728,12,6,4.875,72.88,630
1728,12,8,4.75,73,630
1728,12,17,4.75,72.75,628
1728,12,20,4.75,72.75,628
1728,12,22,4.75,72.75,626
1728,12,24,4.75,72.75,625
1728,12,27,4.75,72.75,625
1729,1,3,4.75,72.75,629
1729,1,5,4.75,72.25,628
1729,1,7,0,72.75,628
1729,1,12,4.813,72.75,628
1729,1,14,4.75,72.75,628
1729,1,17,4.875,72.75,628
1729,1,19,4.75,72,628
1729,1,24,4.75,72,632
1729,1,26,4.75,72,632
1729,1,28,4.875,72,631
1729,1,31,4.875,72.5,631
1729,2,2,4.875,73.25,631
1729,2,4,4.875,72.5,631
1729,2,7,4.875,72.5,631
1729,2,14,4.938,72.25,632
1729,2,16,4.875,72.5,633
1729,2,20,0,72,641
1729,2,28,4.875,72,640
1729,3,7,4.875,71,645
1729,3,21,4.875,71,644
1729,3,28,4.625,70,650
1729,4,4,4.875,71,652
1729,4,25,4.875,70.5,650
1729,5,2,4.813,71,659
1729,5,9,4.75,70,657
1729,5,16,4.75,74,667
1729,5,30,4.875,75.25,641
1729,6,13,4.875,75,639
1729,6,20,4.875,76.25,639
1729,7,18,4.75,76,651
1729,7,20,4.75,76,651
1729,7,25,4.625,76,650
1729,8,1,0,76,663
1729,8,8,0,76,671
1729,8,22,4.625,75.5,676
1729,8,29,4.5,75.25,675
1729,9,5,4.75,75,663
1729,9,12,4.75,75,668
1729,9,19,0,75,670
1729,9,26,4.75,74.75,670
1729,10,10,4.75,73.5,668
1729,10,17,4.75,72.25,670
1729,10,31,4.75,72.25,668.5
1729,11,7,4.75,72.25,667
1729,11,14,4.75,72.25,667.5
1729,11,18,4.75,71,666.5
1729,11,28,4.75,71,670
1729,12,5,4.875,70.75,670
1729,12,19,4.75,69,665
1729,12,23,4.75,69,663
1729,12,28,4.375,69,662
1729,12,29,,69,665
1730,1,4,,69,650
1730,1,11,,69,667
1730,1,20,,71.75,673
1730,2,1,,71.5,671
1730,2,13,,71.75,667
1730,2,24,,70.25,689
1730,3,1,,70,686
1730,3,5,,70,683
1730,3,10,,70,683
1730,3,13,,70,683
1730,3,17,,70.5,698
1730,3,20,,70,700
1730,3,22,,70,700
1730,3,24,,70,700
1730,4,3,,71,703
1730,4,17,,84.75,706
1730,4,21,,82.5,705
1730,4,24,,82,706
1730,5,8,,87.75,715
1730,5,15,,91.5,689
1730,6,12,,88.25,697
1730,6,19,,88.25,697
1730,7,10,,88,701
1730,7,17,,89,704
1730,7,24,,88,700
1730,7,31,,87,698
1730,8,14,,86.75,695
1730,8,21,,87.5,695
1730,9,11,,86,700
1730,9,18,,86,702
1730,10,2,,84,700
1730,10,9,,84,699
1730,10,16,,83.75,700
1730,10,23,,81,700
1730,11,6,,80.5,712.5
1730,11,13,,81.75,712
1730,11,20,,80.75,712
1730,11,27,,81.5,712
1730,12,4,,81.5,711
1730,12,6,,81.25,714
1730,12,11,,81.5,713
1730,12,13,,81.25,714
1730,12,15,,81.25,714
1730,12,18,,82,714
1730,12,20,,82.25,714
1730,12,27,,82.75,711.5
1730,12,29,,82.5,712
1731,1,1,,82.75,713
1731,1,3,,82.5,710
1731,1,8,,82.25,714
1731,1,10,,82,714
1731,1,19,,82,721
1731,1,22,,82,719
1731,1,24,,82.5,719
1731,1,26,,82.25,719
1731,1,29,,82.5,719
1731,1,31,,82.25,719
1731,2,2,,82.25,719
1731,2,5,,82.5,717.5
1731,2,7,,82,712
1731,2,12,,81.5,708
1731,2,19,,80.75,707.5
1731,2,21,,81.75,706
1731,2,23,,81.75,705.5
1731,2,26,,82,709
1731,3,2,,82.5,713
1731,3,5,,82.25,711
1731,3,12,,84,719
1731,3,19,,84.25,722
1731,3,21,,84.5,723
1731,3,28,,84.5,724
1731,4,2,,85,720
1731,4,9,,86.25,720
1731,4,16,,85.75,704
1731,4,23,,85.5,708
1731,4,30,,87.25,712
1731,5,7,,87.25,712
1731,5,21,,86.5,711
1731,5,28,,87,710.5
1731,6,4,,86.5,714
1731,6,11,,85.5,716
1731,6,18,,85.25,693
1731,6,25,,85,700
1731,7,2,,85,702
1731,7,9,,85.25,700
1731,7,23,,81,702
1731,7,30,,80.5,705
1731,8,6,,80.25,705.5
1731,8,13,,80,707
1731,8,27,,79,707.5
1731,9,3,,80.25,742
1731,9,5,,80.25,732
1731,9,10,,79,731
1731,9,17,,79,725
1731,9,24,,78.75,723
1731,10,1,,79.25,723
1731,10,8,,79,720
1731,10,15,,78.5,720
1731,10,22,,78.5,715
1731,10,24,,78.5,716
1731,10,31,,78,716
1731,11,26,,76.5,712
1731,12,12,,75.5,716
1731,12,17,,75,715
1731,12,24,,78,715
1732,3,31,,76.5,726
1732,4,7,,76.5,731
1732,4,21,,77.5,732.25
1732,4,28,,77.5,740
1732,5,5,,79.5,714.5
1732,5,19,,79,715.5
1732,5,26,,79,715
1732,6,4,,77.75,711.25
1732,6,9,,77.75,713
1732,6,11,,77.75,713
1732,6,16,,77.5,713
1732,6,25,,77.5,728
1732,7,2,,77.5,735
1732,7,7,,77,742
1732,7,23,,77.75,742
1732,8,6,,77.5,750
1732,8,13,,77.25,750
1732,8,18,,77,752.5
1732,9,8,,77.25,779
1732,9,17,,77,761
1732,9,22,,77,769
1732,9,24,,77,773
1732,9,29,,76.5,770
1732,10,13,,76.75,753
1732,10,20,,76.75,747
1732,11,3,,76.75,771
1732,11,10,,76.75,773.5
1732,12,8,,76.25,766
1732,12,22,,75.5,766.5
1732,12,24,,75.5,766.5
1733,1,5,,75,766
1733,1,14,,75,766
1733,2,2,,74.75,767.5
1733,2,9,,74.75,767
1733,2,16,,74.5,763
1733,2,23,,74,763
1733,3,9,,74.12,769.5
1733,3,23,,73.5,766.5
1733,3,30,,71.5,767
1733,4,13,,71,768.5
1733,4,20,,71,775
1733,4,27,,71.75,780
1733,5,11,,72,774
1733,6,1,,71.25,764.5
1733,6,8,,74,754
1733,6,15,,74.25,753.5
1733,6,22,,73,754
1733,6,29,,72,778
1733,7,13,,72,788
1733,7,20,,71.75,785
1733,7,27,,71.25,789
1733,8,3,,70.75,786
1733,8,10,,70.75,769
1733,8,17,,70,758
1733,8,24,,69.5,747
1733,8,28,,69.5,750
1733,8,31,,69.25,751
1733,9,7,,69.5,744
1733,9,14,,69.5,747
1733,9,16,,69.5,745
1733,9,23,,69.5,752
1733,9,28,,69.5,751.5
1733,10,5,,69.5,745
1733,10,9,,69.5,743
1733,10,12,,69,743
1733,10,16,,69,726
1733,10,19,,68,710
1733,10,21,,68,706
1733,10,26,,67,710
1733,10,28,,67.5,709
1733,10,30,,67,708
1733,11,2,,67,699
1733,11,4,,67,697
1733,11,6,,66.5,690
1733,11,9,,67,687
1733,11,11,,66.5,685
1733,11,13,,66,666
1733,11,16,,66,665
1733,11,18,,66,650
1733,11,20,,66,650
1733,11,23,,66,650
1733,11,25,,65,649
1733,11,27,,60,649
1733,11,30,,64,648
1733,12,2,,50,644
1733,12,4,,50,665
1733,12,7,,50,665
1733,12,9,,50,665
1733,12,11,,50,667
1733,12,14,,50,667
1733,12,16,,50,666
1733,12,18,,50,664
1733,12,21,,50,670
1733,12,23,,50,670
1733,12,28,,50,667
1733,12,30,,49,669
1737,1,2,3.75,38.5,677
1737,1,4,3.75,38.5,678
1737,1,7,3.875,38.5,678.5
1737,1,11,3.875,38.5,671.5
1737,1,14,3.75,38.5,673.5
1737,1,16,3.75,38.5,673
1737,1,18,3.75,38.5,673.5
1737,1,21,0,38.25,673
1737,1,25,0,38,676
1737,1,28,0,38,677
1737,1,30,3.875,38,680
1737,2,4,3.875,38,677.5
1737,2,6,3.75,38,677.5
1737,2,11,3.875,38,671.5
1737,2,13,3.875,38,671
1737,2,18,3.75,38,669.5
1737,2,20,3.75,38,666.5
1737,2,22,3.75,38,658
1737,2,25,3.875,38,646
1737,3,1,3.875,38,650
1737,3,4,3.875,38,653
1737,3,8,3.875,38,653
1737,3,11,4,38,655
1737,3,13,3.875,38,656
1737,3,15,3.875,38,655
1737,3,18,3.75,38,645
1737,3,22,3.875,38,630
1737,3,25,0,38,636
1737,3,29,3.875,38,639
1737,4,1,3.875,38,640
1737,4,8,3.875,37.5,640
1737,4,12,3.875,37.5,632
1737,4,15,3.875,37.25,634
1737,4,19,3.875,37,636.5
1737,4,24,3.875,37,635.5
1737,4,29,3.875,37,631
1737,5,3,3.875,37,634
1737,5,6,3.75,37,637
1737,5,10,3.75,37,643
1737,5,13,3.75,37,643.5
1737,5,17,3.875,37,639
1737,5,20,3.875,37,641
1737,5,24,4,36.5,640
1737,5,27,4,36.5,640
1737,6,3,3.875,36.25,629
1737,6,7,4,36.25,628
1737,6,12,0,36,628.5
1737,6,14,3.875,36,628
1737,6,17,4,36,628.25
1737,6,21,4,36,630
1737,6,24,4,36,630
1737,6,26,4,35.5,631
1737,7,1,4,35,633
1737,7,3,4,35.5,630
1737,7,8,4,35,621
1737,7,10,4,35,621
1737,7,17,4,34.5,617
1737,7,19,4,34.25,616
1737,7,24,0,34.25,615
1737,7,26,0,33.5,615
1737,8,5,4,33,609
1737,8,7,4,33,609
1737,8,9,4,33,615
1737,8,12,4,33,612
1737,8,16,4.125,32.75,613
1737,8,19,4.125,32.75,620
1737,8,21,4.125,32.5,618
1737,8,26,4.125,32.25,580
1737,8,28,4.125,32.25,583
1737,8,30,4.125,32,582
1737,9,2,4.125,32,582
1737,9,6,4.125,32,585
1737,9,9,4.125,32,585
1737,9,16,4,31.5,581
1737,9,23,0,31.5,578
1737,9,30,0,31.5,568
1737,10,2,4,31,566.5
1737,10,7,4,31,563
1737,10,14,4.25,31,561
1737,10,21,4.25,33.5,560
1737,10,25,4.375,34,559
1737,10,28,4.375,34,557
1737,10,30,4.25,34.5,557.5
1737,11,1,4.25,34.5,559
1737,11,8,4.25,33,560
1737,11,11,4.25,33.25,559.5
1737,11,13,4.375,33.25,558.5
1737,11,15,4.375,33,553
1737,11,18,4.375,33.5,549
1737,11,22,4.25,32,533
1737,11,25,4.25,32,539
1737,11,29,4.125,32.25,537
1737,12,2,4.125,32.25,538
1737,12,9,4,35,546
1737,12,11,4.125,34.5,547
1737,12,16,4.125,38.75,549.5
1737,12,18,4.125,41,551
1737,12,20,4,41.5,554
1738,1,1,4.125,39.25,560
1738,1,3,4.125,40.5,557
1738,1,8,4.125,41,558
1738,1,10,4.125,41,559
1738,1,13,4.125,41,559
1738,1,17,4,40.25,560.5
1738,1,22,0,40,561
1738,1,27,0,40,556
1738,1,31,4.25,39,554
1738,2,3,4.25,38.5,551
1738,2,5,4.125,38.5,553
1738,2,7,4.125,38.5,553
1738,2,12,4.125,37,544
1738,2,17,4.125,37,553
1738,2,21,4.125,37.75,553
1738,2,24,4.25,37.75,556.5
1738,2,28,4.25,36.5,556
1738,3,3,4.125,36,545
1738,3,7,4.25,36,546
1738,3,10,4.25,35.75,548
1738,3,14,4.25,35.75,552
1738,3,17,4.25,35.75,556
1738,3,19,4.25,35.75,573
1738,3,24,4.25,35.5,565
1738,3,26,4.125,35.5,565
1738,4,2,4.25,35.5,558
1738,4,4,4.25,35.5,558
1738,4,9,0,34.5,553
1738,4,14,4.25,34,553
1738,4,18,4.375,33,553
1738,4,21,4.25,32.75,552
1738,4,28,4.25,32.5,551
1738,4,30,4.25,32.5,550
1738,5,2,4.25,32.5,553
1738,5,7,4.25,31.5,556
1738,5,9,4.25,31.5,556
1738,5,14,4.25,31.75,559
1738,5,19,4.25,31.5,564
1738,5,21,4.375,31.5,564
1738,5,23,4.375,31.5,564
1738,5,28,0,33.5,565
1738,5,30,4.375,34,562
1738,6,2,4.375,34,547
1738,6,4,4.375,34,540
1738,6,6,4.375,36,536
1738,6,9,4.375,36,543
1738,6,11,4.375,36,550
1738,6,13,4.25,37.5,565
1738,6,16,4.375,39,564
1738,6,18,4.375,39.25,558
1738,6,20,4.375,40.25,558
1738,6,25,4.375,42,560
1738,6,30,4.375,39,573
1738,7,2,4.375,38.5,567
1738,7,4,4.375,38,570
1738,7,7,4.375,37,574
1738,7,9,4.375,36.5,576
1738,7,16,4.375,36.5,576
1738,7,18,4.375,36.5,576.5
1738,7,23,0,37,580
1738,7,25,0,38.25,579
1738,7,28,0,38.25,578
1738,7,30,0,38.5,579
1738,8,4,4.375,38.25,577
1738,8,6,4.375,38.5,577
1738,8,11,4.375,38.25,574
1738,8,13,4.375,37.5,567
1738,8,15,4.375,36.5,563
1738,8,18,4.375,36,562
1738,8,20,4.5,36.5,562
1738,8,27,4.5,38.25,570.25
1738,8,29,4.5,38,568
1738,9,3,4.5,37,565
1738,9,10,4.5,37,564
1738,9,12,4.5,37,568
1738,9,24,4.5,37,577
1738,10,1,4.625,37,576
1738,10,8,4.75,37,576
1738,10,10,4.75,37.25,576
1738,10,13,4.75,37.25,576
1738,10,15,4.875,37.5,576
1738,10,17,4.75,38.75,576
1738,10,22,4.875,38.5,572
1738,10,27,4.875,38.5,573
1738,11,3,4.875,37,583
1738,11,5,5,36.25,582
1738,11,7,5,36.25,582
1738,11,10,5,36.25,583
1738,11,14,5,37.25,580
1738,11,17,5,37.25,580
1738,11,28,4.875,37,576
1738,12,1,4.875,36.5,577
1738,12,5,4.875,36.5,576
1738,12,10,4.75,37.25,575
1738,12,12,4.75,37.25,575
1738,12,19,4.75,36.5,571
1738,12,22,4.875,36.75,571
1738,12,29,4.875,36.75,570
1739,1,2,5,36.75,569
1739,1,7,4.875,36.75,568
1739,1,9,5,36.75,567.5
1739,1,12,4.875,36.75,567.5
1739,1,19,4.875,36.5,564.5
1739,1,21,4.875,36.75,565
1739,1,26,4.875,36,564
1739,2,2,5,36,565
1739,2,6,5,35.75,568
1739,2,9,5,35.75,569
1739,2,13,5.125,36.75,569
1739,2,16,5,36.75,569
1739,2,23,4.875,36.75,568
1739,2,25,4.75,36.75,565.5
1739,3,2,4.875,36.75,557
1739,3,9,4.875,37,554
1739,3,13,4.875,37,556
1739,3,23,5,37,557
1739,3,27,5,37,557
1739,4,6,5,36.25,556
1739,4,17,5,37.5,557
1739,4,24,5,38,557
1739,4,27,5,38.75,556
1739,5,1,5,40.25,557
1739,5,4,4.875,40,557
1739,5,15,5,39.25,556
1739,5,20,5,39,568
1739,5,22,5,39,569
1739,5,29,5,38.5,571.5
1739,6,1,5.125,38,571.5
1739,6,5,5.625,38.25,563
1739,6,8,5,38.25,563
1739,6,24,5,37.5,555
1739,6,26,5,37,550
1739,7,1,5.125,36,543
1739,7,3,5.125,35.25,540
1739,7,6,5.125,35.5,530
1739,7,8,5.125,38.5,533
1739,7,13,5.125,37.5,534
1739,7,22,0,38,535
1739,7,27,0,39.75,529
1739,8,5,5.125,38.5,529
1739,8,12,5.125,37,520
1739,8,14,5.125,36.5,518
1739,8,17,5.125,36.5,516
1739,8,21,5.125,37.5,507
1739,8,24,5.125,38,508
1739,8,31,5,37.5,506
1739,9,2,5,37,508
1739,9,7,5,37,507
1739,9,11,5,36.75,506
1739,9,16,5,36.5,501
1739,9,18,5,36.5,499
1739,9,23,5,36.5,500
1739,9,28,5,36.75,500
1739,10,2,5,37.25,501
1739,10,5,5,37.25,502
1739,10,9,5,37.5,509
1739,10,16,5,37.5,508
1739,10,21,5.25,37.5,516
1739,10,28,5.25,37.5,516
1739,11,2,5.25,37.25,504
1739,11,4,5.25,37.25,507
1739,11,6,5.25,37,503
1739,11,9,5.25,37,500.5
1739,11,16,5.375,37,500.5
1739,11,20,5.25,37,501
1739,11,23,5.25,36.5,501
1739,11,27,5.375,36.5,502
1739,11,30,5.25,36.5,502
1739,12,4,5.25,36.5,500.5
1739,12,7,5.375,36.5,500.5
1739,12,9,5.25,36.5,494
1739,12,14,5.25,36.5,496
1739,12,21,5.25,36,504
1740,1,1,5.25,35,506
1740,1,4,5.25,35,506
1740,1,6,0,35,506
1740,1,11,5.25,35.5,499
1740,1,13,5.25,35.5,492
1740,1,15,5.25,35.5,499
1740,1,18,5.25,35.5,499
1740,1,20,0,35.5,499
1740,1,27,0,35.5,491
1740,1,29,0,35.5,493
1740,2,8,0,35.25,495
1740,2,10,0,35.25,495
1740,2,15,5.375,35.25,494.5
1740,2,22,5.375,34.5,491
1740,2,29,5.375,34.75,493
1740,3,7,5.375,34.375,494
1740,3,14,5.375,34.5,494
1740,3,18,5.375,34.75,495
1740,3,28,5.375,34.25,496
1740,4,11,0,34.25,487
1740,4,20,0,34.25,479
1740,4,25,0,34,480
1740,4,27,0,34,479
1740,5,6,0,34,492
1740,5,9,0,34,491
1740,5,11,0,34,486
1740,5,25,4.875,33.25,492.5
1740,6,3,0,33,484.5
1740,6,8,0,33,484
1740,6,15,5.125,33.125,481.5
1740,6,17,5.125,33,481.5
1740,6,20,5.125,33,482
1740,6,22,5.125,33,482.5
1740,6,29,5.125,33,484
1740,7,8,5.125,33,497
1740,7,11,5.125,33.25,500
1740,7,13,5,33.25,494
1740,7,18,0,33.25,491
1740,7,25,0,33.25,491
1740,7,29,5.125,33.25,489
1740,8,1,5.125,33.25,489
1740,8,3,5.125,33,489
1740,8,8,5.125,33,489
1740,8,10,5.125,33,488
1740,8,17,5.25,32.5,487
1740,8,22,5.375,31.5,480
1740,8,24,5.375,31.5,480
1740,8,29,5.25,31.5,480
1740,9,2,5.25,31.5,479
1740,9,5,5.25,31.25,477.5
1740,9,7,5.25,31.25,478
1740,9,19,5.25,30,474
1740,9,28,5,30,458
1740,10,17,5.187,30,448
1740,10,21,5.25,30,447
1740,10,24,5.25,30,445
1740,10,28,5.25,30,444
1740,11,9,5.375,29.5,412
1740,11,11,5.375,29.5,410
1740,11,14,5.375,29.5,410
1740,11,18,5.25,29,406
1740,11,23,5.25,28.5,431
1740,11,25,5.25,28.5,418
1740,11,30,5.25,28.5,416.5
1740,12,9,5.25,29,409
1740,12,14,5.25,28.5,406
1740,12,16,5.375,28.5,406
1740,12,28,5.25,29.75,415
1741,1,2,5.25,29.25,413
1741,1,11,5.125,29.25,410
1741,1,20,5.125,30.5,405
1741,1,27,5.125,30.25,406
1741,1,30,5,30.25,406
1741,2,8,5.125,30,415
1741,2,13,5.25,30,416
1741,2,20,5.125,30,415
1741,2,24,5.25,29.75,414
1741,3,6,5.25,29.75,413
1741,3,8,5.25,29.5,411
1741,3,15,5.25,29,419
1741,3,20,5.25,29.25,417
1741,3,24,5.375,29.75,415
1741,3,27,5.375,30,415
1741,3,29,5.25,30,414
1741,4,12,5.25,30.5,423
1741,4,24,5.25,31,423.5
1741,4,26,5.25,31,422.5
1741,5,10,5.125,35,424
1741,5,12,5.25,35.25,427
1741,5,19,5,34.5,433
1741,5,24,5,34.25,430
1741,6,14,5,34,412
1741,6,21,4.875,37.75,421
1741,6,26,4.875,38.25,418
1741,6,28,4.875,38.5,422
1741,7,3,5,38.5,423
1741,7,5,4.75,36.25,422
1741,7,14,4.625,35.75,422
1741,7,17,4.625,34.75,420
1741,7,19,4.625,33.5,416
1741,7,26,4.625,34.5,411
1741,8,7,4.625,34.5,404
1741,8,9,4.625,34.5,403
1741,8,16,4,34.25,400.5
1741,8,21,4.125,34.25,395
1741,8,28,4.25,34.5,399
1741,9,13,4.25,34.5,395
1741,10,9,4,34.75,408
1741,10,30,4,34,411
1741,11,3,4.25,34,409
1741,11,24,4.25,33.25,399
1741,12,8,4.25,33,399
1741,12,13,3.875,33,399
1741,12,22,4,33,399
1742,1,1,4.375,33,397
1742,1,5,4.375,33,397
1742,1,26,4.375,33,391
1742,2,9,3.875,31.75,390
1742,2,23,4.125,32.25,392
1742,4,4,4.125,32,399
1742,6,4,4.375,32.25,392
1742,6,6,4.25,32.25,393
1742,6,11,4.25,32.25,393
1742,6,20,4.375,32.75,394
1742,6,25,4.312,33.25,393
1742,6,29,4.375,33.25,387
1742,7,2,4.375,33.25,387
1742,7,9,4.375,33.25,387
1742,7,11,4.375,33.25,385
1742,7,18,4.375,34.25,382
1742,7,23,4.375,34.25,386
1742,7,25,4.375,34,385
1742,8,1,4.5,33.75,385
1742,8,6,4.5,33.75,385
1742,8,10,4.5,33.5,385
1742,8,13,4.375,33.5,385
1742,8,17,4.375,35.75,383
1742,8,22,4.5,35.5,379
1742,8,29,4.5,35,379
1742,9,3,4.5,34.25,388
1742,9,12,4.938,34.25,386
1742,9,17,4.75,34.25,386
1742,9,21,4.75,34.5,386
1742,9,24,4.75,34.5,385
1742,10,3,4.75,34.75,380
1742,10,12,4.75,34.75,377
1742,10,15,4.75,34.75,377
1742,11,2,4.75,34.625,370
1742,11,14,4.75,34.5,360
1742,11,19,4.75,34.25,360
1742,11,30,4.75,34,358
1742,12,5,4.75,34,350
1742,12,7,4.75,34,350
1742,12,14,4.75,35.125,350
1742,12,21,4.75,34.5,350
1742,12,26,4.75,34.5,350
1743,1,4,4.75,35,350
1743,1,7,4.75,35,351
1743,1,11,4.75,35,355
1743,1,25,4.75,35,356
1743,2,1,4.75,34.75,356
1743,2,11,4.75,34.5,335
1743,2,18,4.75,34.5,356
1743,2,25,4.75,34.5,357
1743,3,8,4.75,34,352
1743,3,11,4.75,34,361
1743,3,15,4.75,34,371
1743,3,18,4.75,34,381
1743,3,22,4.75,34,378
1743,4,1,4.75,36,372
1743,4,3,4.75,35.25,372
1743,4,26,4.75,34.25,373
1743,5,1,4.75,34,373
1743,5,3,4.75,34,378
1743,5,13,4.75,33.25,381
1743,5,20,0,33,384
1743,5,22,0,33,385
1743,5,31,0,33.5,390
1743,6,5,0,34,391.5
1743,6,10,0,34.625,394
1743,6,17,0,34.5,407
1743,6,28,0,34.25,412
1743,7,5,0,34.25,417
1743,7,12,0,34,417
1743,7,19,0,34,427
1743,7,22,0,34,434
1743,7,26,0,34.25,427
1743,7,29,0,34.25,425
1743,7,31,0,34,422
1743,8,9,0,33.75,423
1743,8,12,0,33.75,416
1743,8,14,0,33.5,424
1743,8,16,0,33.5,424
1743,9,2,0,33,422
1743,9,11,0,32.25,423
1743,10,9,0,33,411
1743,10,23,0,33.125,416.5
1743,10,25,0,33,419
1743,11,1,0,33.5,423.5
1743,11,11,0,33.375,419
1743,11,13,0,33.375,419
1743,11,15,0,33.375,419
1743,11,25,0,33.375,425
1743,12,30,0,34.5,421
1744,1,3,0,35,429.5
1744,1,10,0,34.75,429
1744,1,13,0,34.75,429
1744,1,24,0,35,426
1744,1,31,0,34.75,423
1744,2,7,0,34.75,424.5
1744,2,12,0,34.25,424
1744,2,14,0,34.25,427
1744,2,21,0,34,426
1744,3,9,0,33.75,423
1744,3,20,0,33.75,436
1744,3,30,0,33.25,434
1744,4,1,0,33.25,433
1744,4,8,0,33.25,421
1744,4,10,0,32.5,419
1744,4,13,0,32.5,414
1744,4,15,0,31.75,412
1744,4,17,0,31.5,414
1744,4,20,0,31.5,421
1744,4,22,0,31.5,428
1744,4,24,0,31.75,430
1744,4,29,0,31.75,430
1744,5,1,0,31.75,420
1744,5,4,0,32,416
1744,5,6,0,32,420
1744,5,8,0,32,434
1744,5,13,0,32.5,436
1744,5,20,0,32.125,430
1744,5,22,0,32,429
1744,5,27,0,32,422
1744,6,1,0,31.75,407
1744,6,3,0,31.75,414
1744,6,5,0,31.75,413
1744,6,12,0,32.25,412.5
1744,6,15,0,32.25,412.5
1744,6,17,0,32.25,416
1744,6,19,0,32.25,417
1744,6,22,0,32,414
1744,6,26,0,32,414
1744,6,29,0,32,415
1744,7,1,0,32,415
1744,7,3,0,32,416
1744,7,6,0,32.25,416
1744,7,8,0,32.25,415
1744,7,10,0,32.5,415
1744,7,13,0,32.5,415
1744,7,15,0,33,415
1744,7,17,0,33.25,416
1744,7,20,0,33.25,416
1744,7,22,0,34.25,418
1744,7,24,0,35.25,417
1744,7,27,0,34.5,416
1744,7,29,0,35,416
1744,7,31,0,35.25,416
1744,8,5,0,35.25,426
1744,8,7,0,35.25,426.5
1744,8,10,0,35,427
1744,8,12,0,35,434
1744,8,14,0,35.25,438
1744,8,17,0,35,433
1744,8,19,0,34.75,430
1744,8,21,0,34.75,430
1744,8,24,0,34.75,433
1744,8,26,0,35,439
1744,8,28,0,35,439
1744,8,31,0,35,441
1744,9,2,0,34.75,441
1744,9,4,0,35,440
1744,9,9,0,35.25,440
1744,9,14,0,35.25,440
1744,9,18,0,35.25,440
1744,9,23,0,35.75,440
1744,9,25,0,35.75,444
1744,9,30,0,36.25,450
1744,10,2,0,36.25,450
1744,10,5,0,36,448
1744,10,7,0,35.75,447
1744,10,9,0,35.75,447
1744,10,12,0,35.75,447
1744,10,14,0,35.75,447
1744,10,16,0,35.75,446
1744,10,19,0,35.75,447
1744,10,21,0,35.75,446
1744,10,23,0,35.75,445
1744,10,26,0,35.75,445
1744,10,30,0,35.875,446
1744,11,2,0,35.875,447
1744,11,9,0,35.875,447
1744,11,11,0,35.875,447
1744,11,13,0,35.875,458
1744,11,16,0,35.875,459
1744,11,20,0,35.875,457.5
1744,11,23,0,35.875,457.5
1744,11,25,0,35.75,458.5
1744,11,27,0,35.75,459.5
1744,11,30,0,35.875,460
1744,12,2,0,32,460
1744,12,4,0,32.125,462
1744,12,7,4.875,32.125,462
1744,12,9,4.875,32.375,460
1744,12,11,5,32.25,459
1744,12,14,5,32.5,462
1744,12,16,5,32.5,462
1744,12,18,5,32.5,462
1744,12,21,5,32.5,460
1744,12,23,4.875,32.5,464.5
1744,12,28,4.875,32.5,464.5
1744,12,30,4.875,32.25,464.5
1748,1,3,4.625,30.5,373
1748,1,5,4.75,30.5,373
1748,1,8,4.75,30.5,373
1748,1,12,4.75,30,370
1748,1,15,0,30,370
1748,1,17,0,30,367
1748,1,19,0,30,367
1748,1,22,0,30,366
1748,1,24,0,30,367
1748,1,26,4.5,30,367
1748,1,29,4.25,30,367
1748,1,31,4.25,30,367
1748,2,2,4.25,30,368
1748,2,5,4.5,30,368
1748,2,7,4.375,30,369
1748,2,9,4.5,30,368
1748,2,12,4.5,30,368
1748,2,14,4.5,30,370.5
1748,2,16,4.75,30,375
1748,2,19,4.5,30,377
1748,2,21,4.625,30,384
1748,2,23,4.625,30,385
1748,2,26,4.625,30,387
1748,2,28,4.75,30,392
1748,3,1,4.75,30,392
1748,3,4,4.75,30.75,399
1748,3,6,4.75,30.75,400
1748,3,8,4.5,30.75,401
1748,3,11,4.75,30.75,402
1748,3,15,4.75,30.75,404
1748,3,18,4.75,30.75,403
1748,3,20,4.75,30.75,402.5
1748,3,22,4.75,30.75,402.5
1748,3,27,4.75,30.75,401
1748,3,29,4.625,30.75,401
1748,4,1,4.625,30.75,400.5
1748,4,3,4.625,30.75,400.5
1748,4,8,4.5,30.75,382
1748,4,10,4.5,30.75,379
1748,4,12,4.625,30.75,377
1748,4,17,0,30.75,374
1748,4,19,0,30.75,374
1748,4,22,4.75,30,377
1748,4,24,4.75,30,383
1748,4,26,4.664,30,386
1748,4,29,4.75,30,387
1748,5,1,4.75,30,391
1748,5,3,4.75,30.25,400
1748,5,6,4.75,32.25,435
1748,5,8,4.75,32.25,430
1748,5,10,4.75,32.25,420
1748,5,13,4.75,32.25,427
1748,5,15,4.75,32,430
1748,5,17,4.75,32,431
1748,5,20,4.75,32.25,431
1748,5,22,4.75,32.125,431
1748,5,24,4.75,32,433
1748,5,27,4.75,32,444
1748,5,29,4.75,33.5,449
1748,6,5,0,32.75,432
1748,6,7,0,32.75,431
1748,6,10,4.75,32.5,432
1748,6,12,4.75,32.5,432
1748,6,14,4.75,32.5,432
1748,6,17,4.625,32.5,434
1748,6,19,4.625,32.5,433
1748,6,21,4.625,32.5,436
1748,6,24,4.625,32.5,436
1748,6,26,4.875,32.5,436
1748,7,1,4.625,32.5,444
1748,7,3,4.75,32.5,444
1748,7,5,4.75,32.5,444
1748,7,8,4.75,32.5,444
1748,7,10,4.75,32.5,446
1748,7,12,4.75,32.5,446
1748,7,15,0,32.5,446
1748,7,17,0,32.5,445
1748,7,19,0,32.5,445
1748,7,22,0,32.5,445
1748,7,24,0,32.5,444
1748,7,26,0,32.5,444
1748,7,29,4.75,33,446
1748,8,2,4.875,33,444
1748,8,5,4.875,33,444
1748,8,7,4.875,33,444
1748,8,9,4.875,33.25,443
1748,8,12,4.875,33.25,444
1748,8,16,4.875,33.25,447
1748,8,19,4.875,33.25,450
1748,8,21,4.875,33.25,450
1748,8,23,4.625,32.875,450
1748,8,26,4.875,32.875,450
1748,8,28,4.875,32.875,445
1748,8,30,4.875,32.875,442
1748,9,2,4.875,32.75,451
1748,9,4,4.875,32.75,455
1748,9,6,4.875,32.75,450
1748,9,9,4.875,32.75,449
1748,9,11,4.75,32.75,447
1748,9,16,4.75,32.75,445
1748,9,18,4.875,32.75,445
1748,9,20,4.625,32.75,442
1748,9,25,0,0,440
1748,9,27,4.75,32.75,440
1748,9,30,0,32.75,440
1748,10,2,4.75,32.75,440
1748,10,4,4.875,32.75,440
1748,10,9,4.875,32.75,440
1748,10,16,4.875,32.75,441
1748,10,21,4.875,32.25,452
1748,10,23,4.875,32.25,451
1748,10,25,5,32.5,447
1748,10,28,5,32.5,447
1748,10,30,5,32.5,447
1748,11,1,4.875,32.5,447
1748,11,4,4.875,32.5,447
1748,11,6,4.875,32.5,447
1748,11,8,4.875,32.5,447
1748,11,11,4.875,32.5,449
1748,11,13,5.125,32.5,448
1748,11,15,5.125,32.5,446
1748,11,18,5,32.5,443
1748,11,20,5,32,446
1748,11,22,5,31,430
1748,11,25,5,31,435
1748,11,29,5,31,431
1748,12,2,0,31,432
1748,12,4,5.062,31,438
1748,12,6,5.062,31,438
1748,12,9,5,31,438
1748,12,11,5,31,439
1748,12,13,5,31.25,442
1748,12,16,5,31.25,441
1748,12,18,5,31.5,440
1748,12,23,5,31.5,436
1748,12,27,5.062,31.75,436
1748,12,30,5,31.75,432
1759,1,1,3.5,26.25,403.5
1759,1,3,3.125,26.25,405
1759,1,5,3,26.25,404.5
1759,1,10,2.75,26.25,403.5
1759,1,12,2.625,25.63,402
1759,1,15,0,26,402
1759,1,17,0,26,402
1759,1,19,0,26,401.5
1759,1,22,0,25.75,402.5
1759,1,24,0,25.63,402
1759,1,26,2.625,25.75,402
1759,1,29,2.625,25.5,402
1759,1,31,2.625,25.63,402
1759,2,2,2.875,25.5,402
1759,2,5,3.312,25.38,402
1759,2,7,3.125,25.25,402.5
1759,2,12,2.5,25.25,402
1759,2,14,3,25.25,402.5
1759,2,16,2.625,25.13,402.5
1759,2,19,2.625,25.25,403
1759,2,23,2.625,25.25,402.5
1759,2,26,2.625,24.75,402.5
1759,2,28,2.625,25,402.5
1759,3,2,2.625,25.25,409
1759,3,9,2.5,24.75,404.5
1759,3,12,2.5,24.5,401.5
1759,3,16,2.625,24.63,403.5
1759,3,19,2.625,24.75,402.5
1759,3,23,2.5,26,398.5
1759,3,26,2.5,25.75,397.5
1759,3,30,2.5,26.25,398
1759,4,2,2.562,28,398.5
1759,4,4,2.625,28.25,399.5
1759,4,9,2.562,27.75,403
1759,4,11,2.625,28,402
1759,4,20,2.625,27,399.5
1759,4,27,2.375,27.25,398.5
1759,4,30,2.375,27.25,398
1759,5,4,2.125,27.25,397.5
1759,5,7,2.125,27.5,397
1759,5,9,1.875,27.5,395.5
1759,5,11,1.5,27.5,391.5
1759,5,14,1.5,27.5,392
1759,5,21,2.125,27.88,400
1759,5,23,1.75,28,400
1759,5,25,1.75,27.88,404
1759,5,28,1.75,27.75,403.5
1759,5,30,1.75,27.75,403
1759,6,8,1.75,27.5,397.5
1759,6,13,1.75,27.75,396
1759,6,20,2.125,28.25,396
1759,6,22,2,28.25,396
1759,6,27,2,28.63,400
1759,7,2,2,28.38,395
1759,7,4,2,28.25,393
1759,7,6,2,28.25,393.5
1759,7,11,2,28.5,392
1759,7,13,1.875,28.5,392
1759,7,16,0,28.25,392
1759,7,18,0,28.38,391
1759,7,20,0,28.38,390
1759,7,23,0,28.25,388.5
1759,7,25,0,28.25,387
1759,7,30,2,28.25,388
1759,8,1,2,28.13,387.5
1759,8,3,2,28.5,388.5
1759,8,8,1.875,28.5,388.5
1759,8,13,1.875,29.5,388
1759,8,15,0,30,388
1759,8,17,2,30.38,388
1759,8,20,2,30.5,387
1759,8,22,1.875,30.25,387.5
1759,8,24,1.875,30.25,388
1759,8,27,2,30,388.5
1759,8,29,2,30.25,388.5
1761,1,2,3.875,29.25,382.5
1761,1,5,3.938,29.25,382
1761,1,9,3.75,29.5,381
1761,1,12,3.875,29.75,380.5
1761,1,16,3.875,29.5,379.5
1761,1,19,0,29.63,378.5
1761,1,26,0,29.75,378
1761,1,30,4.25,30,378
1761,2,2,4.25,30,378
1761,2,4,4.25,30,377
1761,2,6,4.125,30,375.5
1761,2,20,4.75,29.75,373
1761,2,23,4.75,29.63,372.5
1761,3,2,4.875,29.75,379.5
1761,3,11,4.875,29.75,384.5
1761,3,13,4.875,29.75,385.5
1761,3,20,4.875,29.75,385
1761,3,27,4.75,29.5,381
1761,4,3,4.875,29,379
1761,4,10,4.5,28.5,385
1761,4,17,4.5,28.25,383
1761,4,24,4.5,28.5,383
1761,4,27,4.5,28.25,382
1761,4,29,4.5,28.5,382
1761,5,1,4.5,28.25,390
1761,5,6,4.75,28.25,385
1761,5,18,4.75,28,383.5
1761,5,20,4.75,28,383.5
1761,6,5,4.625,28,381
1761,6,10,4.5,28.25,382.5
1761,6,12,4.625,28.25,381.5
1761,6,15,4.625,28.25,382
1761,6,19,4.625,28,381
1761,6,22,4.75,28,381
1761,7,1,4.75,28,383
1761,7,3,4.75,28,383
1761,7,10,4.375,28,384.5
1761,7,13,4.375,28,384.5
1761,7,17,4.5,28,384.5
1761,7,20,0,28,383.5
1761,7,22,0,28,383.5
1761,7,24,0,28,384.5
1761,7,31,4.625,28,383
1761,8,7,4.5,27.75,382.5
1761,8,10,4.5,28,382.5
1761,8,17,4.5,28,379
1761,8,21,4.5,28,378.5
1761,8,24,4.5,28,380
1761,8,28,4.5,27.75,379
1761,9,25,4.375,28.25,380
1761,10,7,4.375,29.5,373
1761,10,9,4.5,29.5,373.5
1761,10,12,4.5,29.5,374.5
1761,11,4,4.5,29.25,363
1761,11,6,4.75,29.25,360.5
1761,11,13,4.75,29.25,359
1761,11,16,4.75,29.25,358.5
1761,11,20,4.75,29.25,357
1761,11,25,4.75,29,350
1761,11,27,4.75,29,350
1761,12,4,4.75,30.5,352
1761,12,21,5,31.75,345.25
1761,12,28,0,31.5,337
1762,1,8,4.875,32.5,337
1762,1,15,4.75,32.5,333
1762,1,18,0,32.75,332
1762,1,20,0,32.75,327
1762,1,22,0,32.75,325
1762,1,25,0,32.5,324
1762,1,29,4.875,32.5,330
1762,2,1,4.875,32.5,329
1762,2,5,4.875,32.75,327.5
1762,2,8,4.875,32.5,327
1762,2,12,4.625,32.75,329
1762,2,15,4.5,32.75,330
1762,2,19,4.375,32.5,330
1762,2,22,4.438,32.5,333
1762,2,26,4.375,32.5,331
1762,3,5,4.125,33.25,339
1762,3,8,4.25,33.5,340
1762,3,19,3.125,33.5,336
1762,3,22,3,33.5,336
1762,3,29,3.5,32.5,331
1762,4,23,3.375,32,327
1762,4,26,3.375,31.75,328
1762,4,28,3.25,31.75,327.5
1762,4,30,3.5,31.75,327.5
1762,5,10,2.5,31.75,327.5
1762,5,17,2,31.75,330
1762,6,23,1.875,31.75,339
1762,6,25,1.875,31.75,338
1762,6,28,1.875,31.75,338
1762,6,30,1.875,32,339
1762,7,7,1.875,32,339
1762,7,30,1.875,33.5,343
1762,8,4,1.25,32.5,342
1762,8,13,2.625,33.5,341
1762,8,20,2.75,33.5,347
1762,9,1,2.625,34.5,378
1762,9,6,2.5,34,378
1762,9,8,2.5,34,379
1762,9,24,2.5,33.75,375
1762,10,1,2.625,34.5,360
1762,10,8,2.5,35,359
1762,10,29,3.375,34.5,357
1762,11,10,3.125,34.5,371
1762,11,12,3.125,34.5,368
1762,11,15,3.125,34.5,370
1762,11,17,2.75,34.5,370
1762,11,19,2.875,34.5,370
1762,11,24,2.625,34,370.5
1762,11,26,2.5,34,369
1762,12,3,2.75,29.5,375
1762,12,6,2.75,29.5,370.5
1762,12,13,2.625,29.5,373
1762,12,17,2.625,29.5,371
1762,12,20,2.25,29,369
1762,12,27,2.625,29,374
1762,12,29,2.625,29,372
1762,12,31,2.25,29,371
1763,1,3,2.25,29,371
1763,1,5,2.125,28.5,370
1763,1,7,2.25,28.5,370
1763,1,10,2.125,28.5,375
1763,1,12,2.25,28.5,374.5
1763,1,14,2.25,28.5,374.5
1763,1,19,0,28,372.5
1763,1,21,0,28,372
1763,1,28,2.25,27.25,370
1763,1,31,2.375,27.25,370
1763,2,4,2,27.25,370
1763,2,9,2,27.5,370
1763,2,14,1.875,27.5,378.5
1763,2,16,1.938,27.5,376
1763,2,18,2.125,27.25,373
1763,2,25,2.375,28.5,377
1763,2,28,2.25,28.5,379
1763,3,4,2.25,29,390
1763,3,14,2,30.5,402
1763,3,16,2,30.5,402
1763,4,1,2.25,30.5,402
1763,4,6,0,30.5,400
1763,4,11,2.125,30.5,399
1763,4,13,2.125,30.5,402
1763,4,15,2.125,30.5,401
1763,4,18,2.125,30.5,401
1763,4,22,2.125,30.5,400
1763,5,2,2.125,30.25,404.5
1763,5,9,1.625,30.25,404.5
1763,5,11,1.75,30.25,404.5
1763,5,16,1.625,30.25,405
1763,5,20,1.125,30.25,402
1763,5,25,0,29.25,403
1763,5,27,0.75,29,401
1763,6,3,2.125,29.25,391.5
1763,6,6,2.125,29,392.5
1763,6,8,2,29,395
1763,6,13,1.875,28.75,396
1763,6,15,2,28.25,395
1763,6,20,1.75,28.5,395
1763,6,22,1.875,28.5,395
1763,7,6,2,29.25,400
1763,7,11,2.125,29.25,398
1763,7,15,2.5,29.5,398.5
1763,7,20,0,29.25,398
1763,7,22,0,29.25,397.5
1763,7,29,2.5,29,391
1763,8,3,2.5,29,384
1763,8,10,2.25,29,380
1763,8,12,2.5,28.5,377.5
1763,8,17,1.75,28.5,378
1763,8,19,2,28.5,377
1763,8,26,2.75,27.75,366
1763,8,31,2.75,27.75,366.5
1763,9,2,2.75,28.25,373
1763,9,21,0,28.75,375
1763,10,3,3.25,28.75,364
1763,10,5,3.375,28.75,362
1763,10,14,3.75,28.75,359
1763,10,17,3.75,28.75,360
1763,10,24,3.5,28.75,360
1763,10,28,3.5,28.75,360
1763,11,11,3.25,28.75,365.5
1763,11,23,3.375,38.75,369
1763,11,28,3.25,29.5,372.5
1763,12,2,3.125,30.5,373.5
1763,12,5,3.375,30.5,373
1763,12,9,3,30.5,373.5
1763,12,16,3,31,372
1763,12,21,3,32.25,373
1763,12,23,3,33.5,374.5
1763,12,28,3,33,374
1763,12,30,2.875,33,374
1764,1,6,2.75,32.75,375
1764,1,20,0,32.75,379
1764,1,27,2.75,32.75,379
1764,1,30,2.625,33,380
1764,2,3,2.875,33.5,383.5
1764,2,10,2.875,33.5,383
1764,2,15,3.125,33.5,380.5
1764,2,17,3.125,33.5,380.5
1764,2,20,3.125,33.5,381.25
1764,3,5,3,34.25,392.5
1764,3,9,3.25,34.5,393
1764,3,12,3.25,34.5,395.5
1764,3,14,3.125,34.5,392.5
1764,3,16,3.125,34.5,392.5
1764,3,21,3.25,35,392
1764,3,23,3.25,35,393
1764,4,6,3.25,35,393.5
1764,4,9,3.25,35,393
1764,4,11,3.375,35,390
1764,4,20,3.25,34.5,390.5
1764,5,14,3.062,34.25,389
1764,5,30,3,34.5,390.5
1764,6,8,3,35,381.5
1764,6,15,3.125,35,381
1764,6,18,3,35,381.5
1764,6,20,3,35,381.5
1764,6,22,3,35,381.5
1764,6,27,2.875,35,381
1764,6,29,2.875,35,381
1764,7,4,2.75,35,381
1764,7,6,2.75,35,380.5
1764,7,9,2.75,35,380.5
1764,7,11,2.75,35,381
1764,7,25,0,35,381
1764,7,27,2.875,35,381
1764,8,3,2.625,35.25,391.25
1764,8,13,2.75,35.75,394
1764,8,17,2.75,35.75,398
1764,8,24,2.875,35.75,393.5
1764,8,29,3,35.75,395
1764,8,31,3,36,398
1764,9,3,3,32,399.5
1764,9,5,3,32,398
1764,9,10,3,32.25,399.5
1764,9,14,3,32.25,399
1764,9,19,3.125,32.25,398.5
1764,10,5,3.25,32.5,399
1764,10,15,3.625,32.5,399
1764,10,22,3.75,32.5,394
1764,10,24,3.625,32.5,391
1764,10,29,3.5,32.5,397
1764,10,31,3.5,32.5,396
1764,11,2,3.375,32.5,398
1764,11,5,3.375,32.5,397
1764,11,7,3.375,32.5,396.5
1764,11,12,3.375,32.5,399
1764,11,14,3.25,32.5,399.5
1764,11,26,3.25,32.5,401.5
1764,11,30,3.25,32.5,401
1764,12,5,3.5,32.75,401
1764,12,7,3.5,32.75,401
1764,12,10,3.5,32.75,401
1764,12,14,3.375,33,401.5
1764,12,17,3.25,33,404.5
1764,12,19,3.375,33,405.5
1764,12,21,3.25,33.25,404.5
1764,12,31,3.25,36,405
1765,1,2,3.25,36.5,406
1765,1,7,3.25,39.75,412
1765,1,11,3.375,38.5,407
1765,1,14,0,38.5,410
1765,1,18,0,38.25,409
1765,1,23,0,38.25,409
1765,1,25,3.375,38,409
1765,1,30,3.375,38,409
1765,2,1,3.25,37.5,409
1765,2,4,3.375,37.5,408.5
1765,2,6,3.375,37.5,408.5
1765,2,8,3.375,37.5,408.5
1765,2,11,3.562,36.5,408.5
1765,2,15,3.625,36.25,411
1765,2,18,3.625,36.5,409.5
1765,2,25,3.625,36.25,406.5
1765,3,1,3.625,36.5,414
1765,3,6,3.625,36.5,412.5
1765,3,8,3.625,36.5,412.5
1765,3,15,3.625,37.5,410
1765,3,18,3.625,38,411
1765,3,22,3.625,38,412
1765,3,25,3.625,38,412
1765,3,29,3.625,38,407
1765,4,1,3.625,38,407.5
1765,4,3,3.75,37.5,405.5
1765,4,5,3.875,38.5,442
1765,4,19,3.75,40.25,473.5
1765,4,22,3.75,40.25,474
1765,4,24,3.75,40.13,469
1765,4,29,3.75,39,466.5
1765,5,1,3.75,39.25,462.5
1765,5,3,3.75,39.25,463
1765,5,8,3.75,39.25,462
1765,5,10,3.5,38.75,457.5
1765,5,13,3.75,39,458
1765,5,15,3.375,39,458
1765,5,17,3.375,38.75,465.5
1765,5,20,3.5,39,468
1765,5,22,3.5,39,466.5
1765,5,24,3.5,39,471
1765,5,29,0,39,472.5
1765,5,31,3.5,39,472.5
1765,6,3,3.625,40.25,466
1765,6,5,3.5,40.5,465.5
1765,6,10,3.5,40.5,467
1765,6,12,3.5,40.75,466.5
1765,6,14,3.625,41,471
1765,6,19,3.5,41.5,478
1765,7,3,3.375,43,476
1765,7,10,3.25,44.13,479
1765,7,24,0,44.75,491.5
1765,8,5,3.375,46.25,510
1765,8,7,3.625,46.5,505.5
1765,8,12,3.5,48.75,508
1765,8,14,3.375,49.75,513
1765,8,16,3.5,49.75,510
1765,8,21,3.5,48.75,506.5
1765,8,23,3.625,48.5,508
1765,8,28,3.625,48.75,511.5
1765,9,6,3.75,50,547
1765,9,11,3.75,50,550.5
1765,9,18,3.875,50,551.5
1765,9,20,4,50,553
1765,9,23,0,52.5,556
1765,10,4,4,59.25,563
1765,10,9,4.125,60.5,562
1765,10,14,4.125,60.25,550
1765,10,25,4.375,58.25,560.5
1765,10,30,4.5,58,558
1765,11,8,4.375,59.5,562
1765,11,13,4.25,59.5,556.5
1765,11,22,4.5,59.75,555.5
1765,11,29,4.562,59.25,559.5
1765,12,2,4.75,60.5,568
1765,12,4,4.875,60,568
1765,12,6,5,61,571
1765,12,11,4.5,61.25,578
1765,12,13,4.375,61.25,578
1765,12,16,4.5,61,578
1765,12,27,4.438,61,583.5
1765,12,30,4.5,61.5,583
1766,1,1,4.625,60.75,585.5
1766,1,3,4.5,60.75,585.5
1766,1,10,4.5,61.25,588.5
1766,1,17,4.5,60.5,584
1766,1,20,0,60,585.5
1766,1,24,0,59,583
1766,1,27,0,58.25,580
1766,1,31,4.5,58,578
1766,2,5,4.375,57.5,577
1766,2,7,4.375,56.25,575.5
1766,2,10,4.375,57.25,574
1766,2,12,4.25,57,573
1766,2,17,4.25,57,575
1766,2,21,4.25,57,575
1766,2,24,4.25,57,573
1766,2,28,4.625,56.75,583
1766,3,3,4.5,58,593
1766,3,7,4.75,58,592.5
1766,3,12,4.625,56,587
1766,3,17,4.75,52.5,584
1766,3,21,4.562,50.75,586
1766,3,24,4.75,51,584
1766,3,28,4.812,50.5,579
1766,4,4,4.75,48.5,556
1766,4,11,4.875,36.5,556.5
1766,4,14,4.875,36,555
1766,4,18,5,35.5,560
1766,4,23,4.875,35.75,570.5
1766,4,25,5,35.75,572
1766,4,28,4.75,35.75,572
1766,4,30,4.875,35.5,571
1766,5,5,4.75,35.5,565
1766,5,16,4.5,35.5,567
1766,5,21,0,35,562
1766,5,26,4.5,34.5,568
1766,5,28,4.75,34.5,567
1766,5,30,4.625,34.24,567
1766,6,4,4.75,35.75,557
1766,6,11,4.75,35.75,563.5
1766,6,13,4.75,35.75,562
1766,6,18,4.75,35.75,566.5
1766,6,20,4.75,35.75,552
1766,6,25,4.75,35.75,554
1766,6,30,4.75,35.75,551
1766,7,2,4.75,35.75,551
1766,7,4,4.75,35.75,550.5
1766,7,7,4.625,35.75,551
1766,7,9,4.75,35.75,551
1766,7,14,4.625,33.25,554
1766,7,16,4.625,33.25,554
1766,7,18,4.75,33,556
1766,7,23,0,33,558
1766,7,25,0,32.75,558
1766,7,30,0,32.75,559
1766,8,1,4.75,32.75,559
1766,8,6,4.75,33.25,559
1766,8,11,4.75,34,557
1766,8,13,4.75,34.5,554
1766,8,25,4.75,35,546
1766,8,27,4.875,34.75,547
1766,9,3,0,32,559
1766,9,10,4.875,32.5,554
1766,9,12,4.875,32.5,554
1766,9,15,4.875,32.5,553.5
1766,9,22,0,32.5,554
1766,9,24,0,32.75,554
1766,9,29,4.875,32.75,554
1766,10,1,0,32.75,552
1766,10,6,4.875,32.75,550
1766,10,13,4.875,32.75,557.5
1766,10,17,4.875,32.75,558
1766,10,20,4.875,32.5,558
1766,10,22,4.875,33.75,558
1766,10,29,5,33.25,558
1766,10,31,5,33.75,559
1766,11,3,5,33.75,561
1766,11,5,5,33.75,563
1766,11,7,5,34,564
1766,11,12,4.875,34,573
1766,11,14,4.875,34,573
1766,11,17,5,34,570
1766,11,19,5,33.75,570
1766,11,21,5,33.75,571
1766,11,28,5,33.75,572
1766,12,3,5,32,579.5
1766,12,8,4.875,33.75,579
1766,12,10,5,33.75,579
1766,12,12,4.875,33.75,579
1766,12,17,4.875,33.75,578.5
1766,12,22,4.75,33.75,577
1766,12,24,0,33.75,572
1768,1,4,4.625,35.5,509.5
1768,1,8,4.625,35.5,510
1768,1,15,4.625,35.5,518
1768,1,27,0,35.25,521
1768,2,5,4.5,34,509
1768,2,8,4.5,34,509
1768,2,10,4.5,34,509
1768,2,12,4.5,34,509
1768,2,19,4.5,32,507.5
1768,3,4,4.375,33,507
1768,3,21,4.562,36,507
1768,3,23,4.5,37.75,508
1768,3,25,4.5,38.5,509
1768,3,30,4.5,38,510
1768,4,6,0,36,516
1768,4,11,4.625,35.5,512
1768,4,22,4.625,35.5,516
1768,4,27,4.625,38.5,517
1768,4,29,4.625,38.5,517
1768,5,2,4.5,38,517
1768,5,6,4.375,37.75,517
1768,5,11,4.375,37.5,516
1768,5,13,4.5,37.5,515
1768,5,16,4.437,37.5,514
1768,5,18,4.437,37.5,512
1768,5,20,4.375,37.5,514
1768,5,27,4.375,37.5,511
1768,6,8,4.375,38,500
1768,6,22,4.125,38.5,488
1768,6,29,4.25,38.5,488
1768,7,4,4.25,38,484
1768,7,15,4.125,36.75,482.25
1768,7,20,0,36.5,482
1768,7,27,0,36.5,477
1768,7,29,4.25,36.5,477
1768,8,10,4.625,37.5,481
1768,8,15,4.625,38,478
1768,8,17,4.625,38,477
1768,9,7,4.5,39,478
1768,9,9,4.5,40.5,478
1768,9,14,4.625,40.5,478
1768,9,30,4.625,39.5,474
1768,10,5,0,39,474
1768,10,7,0,39,474
1768,10,14,4.625,39,465
1768,10,19,4.75,38.5,465
1768,10,21,4.75,38.25,465
1768,10,24,4.75,38,466
1768,10,26,4.75,38.25,466
1768,11,2,4.75,38.5,476
1768,11,4,4.75,37.5,473
1768,11,11,4.75,37.5,472
1768,11,14,4.75,37.75,472
1768,11,25,4.75,36,475
1768,11,30,4.75,35.5,468
1768,12,9,4.75,35.25,466
1768,12,16,4.875,35,460
1768,12,23,4.875,35,458
1768,12,30,5,34.5,455
1769,1,11,0,32.5,449
1769,1,13,4.875,32.75,449
1769,1,18,0,33.5,442
1769,1,20,0,33.5,438
1769,1,23,0,33.5,432
1769,1,25,0,34,430
1769,1,27,5,34.25,429
1769,2,3,4.7,34.75,440
1769,2,6,4.75,34.5,442
1769,2,8,4.7,34.75,443
1769,2,10,4.5,34.5,442
1769,2,13,4.625,34.5,442
1769,2,17,4.625,34,441
1769,2,22,4.75,34.5,442.5
1769,2,24,4.75,34.5,443
1769,2,27,4.75,34.5,443
1769,3,1,4.75,35,447
1769,3,3,4.875,34.63,444
1769,3,6,4.875,34.25,442
1769,3,10,4.875,34,440
1769,3,15,4.875,33,433
1769,3,17,4.875,33,428
1769,3,22,4.875,32.75,446
1769,3,24,4.875,33,454
1769,3,29,0,33.5,460
1769,3,31,4.875,33.5,463
1769,4,3,4.875,33.5,472
1769,4,7,4.875,33.5,464
1769,4,12,4.875,33.5,466
1769,4,14,4.875,33.5,463
1769,4,17,4.875,33.5,465
1769,5,1,4.625,33.5,453
1769,5,8,4.75,34.5,450
1769,5,10,4.625,34.5,447
1769,5,24,4.875,36,449
1769,6,2,4.875,35,436
1769,6,16,5,34.5,445
1769,6,19,4.875,34.5,444
1769,6,28,4.875,34.5,442
1769,7,5,0,34.5,440
1769,7,10,4.75,34.5,439
1769,7,28,4.875,34,438
1769,8,2,4.875,34.25,434
1769,8,7,4.75,34.25,431
1769,8,23,4.875,34,432
1769,8,25,4.875,33.75,432
1769,8,28,4.875,33.75,432
1769,8,30,4.875,34,432
1769,9,8,4.875,34.75,435
1769,9,11,4.875,34.75,435
1769,9,20,4.875,34.75,433
1769,9,27,0,34.75,430
1769,9,29,4.875,34.25,429
1769,10,4,4.875,34,428
1769,10,13,4.875,34,429
1769,10,20,4.75,33.5,426
1769,10,25,4.75,33,426
1769,10,27,4.75,32.5,426
1769,10,30,4.75,32.5,426
1769,11,1,4.75,32.5,426
1769,11,17,4.875,32.5,427
1769,11,22,5,32.5,424
1769,11,24,5,32.5,424
1769,11,27,5,32.5,424
1769,11,29,5,32.5,419
1769,12,1,5,32.5,417
1769,12,4,5,33.5,422
1769,12,6,5,33.5,422
1769,12,11,5,33.5,420.5
1769,12,29,5.125,33,412
1770,1,3,5,35,412
1770,1,5,4.875,35,410
1770,1,12,5,34.75,409
1770,1,19,0,36,405
1770,1,22,0,35.25,405
1770,1,24,0,35.5,405
1770,1,26,5.125,35.75,397
1770,2,2,4.875,36.5,398.5
1770,2,9,4.813,36.5,394
1770,2,16,4.75,36.5,405
1770,2,26,4.75,35,396
1770,3,2,4.875,35,405
1770,3,9,0,35,400
1770,3,16,4.875,35,398
1770,3,26,4.875,35,400
1770,3,30,4.75,35,400.5
1770,4,4,4.875,37.75,393
1770,4,13,4.875,37,379
1770,4,20,5,36.75,383
1770,4,23,5,36.75,380
1770,5,9,4.875,36,372
1770,5,18,0,36.25,372.5
1770,5,21,5,36.25,373
1770,5,25,4.875,36.25,373
1770,6,25,0,36.5,364.5
1770,7,6,4.875,36.5,364
1770,7,9,4.875,36.75,364
1770,7,25,0,36.75,364
1770,8,17,5,36.5,364
1770,9,3,5,36.25,365
1770,9,5,5,36.25,365
1770,9,7,5,36.5,364
1770,10,1,5,38,341
1770,10,10,5.125,37.5,341
1770,10,31,5.125,36,338
1770,11,12,5.125,36,337
1770,11,21,5.125,36,335
1770,11,30,5.125,35.75,335
1770,12,7,5.125,36,335
1770,12,28,5,35.5,325
1771,1,4,4.938,35,325.5
1771,1,9,4.875,35,325
1771,1,11,0,35,325
1771,2,8,4.555,34.5,331
1771,2,11,4.75,34.5,331
1771,2,18,4.625,34,331
1771,3,4,4.875,34.5,336
1771,3,8,4.875,34.5,333
1771,3,15,4.75,34.5,338
1771,3,22,4.7,34.5,335
1771,3,29,4.75,34.5,340
1771,4,3,0,35,334
1771,4,15,5,35,316
1771,4,19,5,35,317
1771,5,31,4.812,34,331
1771,6,12,4.75,34,320
1771,6,19,4.75,34.5,322
1771,6,28,4.75,34,330
1771,7,3,4.75,34,350
1771,7,12,4.667,35.5,351.5
1771,7,22,0,35.75,345
1771,7,29,4.75,35.75,344
1771,9,4,4.75,35.75,362
1771,9,6,4.815,35.75,362
1771,9,13,4.875,35.75,375
1771,9,20,5,36.75,383
1771,10,2,4.875,37.25,356
1771,10,9,4.875,37.75,364
1771,10,11,5,38,366
1771,10,14,5,37.75,370
1771,10,16,5,37.75,363
1771,10,18,5,38.75,363
1771,10,21,5,38,365
1771,10,23,5,37,367
1771,10,25,5,37.75,367
1771,10,28,5,37.75,364
1771,10,30,5,37.75,364
1771,11,1,5,37.75,365
1771,11,4,5,38,364
1771,11,6,5,37.5,363
1771,11,8,0,37.75,361
1771,11,11,0,37.75,357
1771,11,13,0,37.75,356
1771,11,15,5.125,37.75,356
1771,11,18,5.125,37.75,356
1771,11,20,5.125,37.75,358
1771,11,22,5.125,37.5,359
1771,11,25,5.125,37.75,364
1771,11,27,5.125,37.75,365
1771,11,29,5,38.5,364
1771,12,2,5,38.75,373
1771,12,4,5,38.75,374
1771,12,6,5,39,371
1771,12,9,5,39.25,372
1771,12,11,5,39.25,366
1771,12,13,4.875,39.5,365
1771,12,16,4.75,39.25,369
1771,12,18,7.875,39.25,373
1771,12,20,4.875,39.25,372
1771,12,23,4.75,39,372
1771,12,27,4.875,39,367
1771,12,30,0,39,370
1772,1,1,4.875,39,369
1772,1,3,4.875,39,369
1772,1,6,4.875,39,366
1772,1,8,4.875,39,364
1772,1,10,4.875,39,356
1772,1,13,4.875,39,363
1772,1,17,4.875,39,364
1772,1,20,0,39,364.5
1772,1,22,0,39.25,364.5
1772,1,24,0,39.5,364
1772,1,27,0,39.5,345
1772,1,29,0,39.5,341
1772,1,31,4.875,39.5,341.5
1772,2,3,4.875,38.75,340
1772,2,5,4.875,38.75,340
1772,2,7,4.875,38.75,340
1772,2,10,4.875,38.75,339
1772,2,14,4.875,38.75,337
1772,2,17,4.875,38.75,337
1772,2,19,4.875,38.75,333
1772,2,21,4.875,38.75,331
1772,2,24,5,38.75,333
1772,2,26,4.875,38.75,333
1772,2,28,4.937,38.75,332
1772,3,2,4.875,39.25,334.5
1772,3,4,5,39.25,337
1772,3,6,5,39,338
1772,3,9,5,39,338
1772,3,11,4.875,39,339
1772,3,13,4.937,39,339
1772,3,16,4.875,39,341
1772,3,18,4.875,39,343
1772,3,20,4.875,39,342
1772,3,25,4.875,39,339.5
1772,3,27,4.875,38.75,337
1772,3,30,4.875,38.75,337.5
1772,4,1,4.875,38.75,336
1772,4,3,4.875,38.75,337
1772,4,6,5,38.75,339
1772,4,8,5,39,335.5
1772,4,10,4.875,38.75,333.5
1772,4,13,4.875,39,334
1772,4,15,4.875,39,334.5
1772,4,17,4.875,39,338
1772,4,22,0,38.75,339.5
1772,4,27,4.875,39,342
1772,4,29,4.875,39,340.5
1772,5,1,4.875,39,340
1772,5,4,4.875,39,338
1772,5,6,4.75,39,337
1772,5,8,4.75,38.75,337
1772,5,11,4.812,39,333
1772,5,13,4.875,39,337
1772,5,15,4.75,38.5,337
1772,5,18,4.75,38.5,337
1772,5,20,4.625,38,337.5
1772,5,22,4.625,38,337.5
1772,5,25,4.625,38,338
1772,5,27,4.625,38,338
1772,5,29,4.625,38,340
1772,6,1,4.625,38.5,337.5
1772,6,3,4.625,39,337
1772,6,5,4.625,39,337
1772,6,10,0,39.5,338.5
1772,6,12,4.625,38.75,339
1772,6,15,0,38.75,339
1772,6,17,0,38.75,339
1772,6,19,4.5,38.75,339
1772,6,22,4.5,38.25,338.5
1772,6,24,4.375,39.5,338
1772,6,26,4.5,39,338
1772,6,29,4.5,39,337.5
1772,7,1,4.438,39.25,337
1772,7,3,4.25,39,336
1772,7,6,4.25,39,336
1772,7,8,4.25,39,334
1772,7,10,4.25,39,333.5
1772,7,13,4.25,39,333.5
1772,7,15,4.312,39,333.5
1772,7,17,4.125,39,332
1772,7,20,0,39,332
1772,7,22,0,39,332
1772,7,24,0,39,332
1772,7,27,0,39,331
1772,7,29,0,39,331
1772,7,31,4.25,38.5,331.5
1772,8,3,4.25,38.5,331
1772,8,5,4.25,38.25,331
1772,8,7,4.375,38,330.5
1772,8,10,4.375,38,330.5
1772,8,12,4.375,37.75,328
1772,8,14,4.375,37.5,328
1772,8,17,4.375,37.5,329
1772,8,19,4.375,37.5,329
1772,8,21,4.375,37.25,329
1772,8,24,4.375,37.25,330
1772,8,26,4.375,36.5,329
1772,8,28,4.562,36.5,329
1772,8,31,4.25,36.25,329
1772,9,2,4.562,32.5,332.25
1772,9,4,4.375,32.5,333.5
1772,9,7,4.25,32.5,334.5
1772,9,9,4.25,32.5,336
1772,9,11,4.375,32,338
1772,9,14,4.375,32,338
1772,9,16,4.5,31.5,340
1772,9,18,4.375,31.5,339
1772,9,21,0,31.5,337
1772,9,23,0,31.25,338
1772,9,25,4.438,31.25,338
1772,9,30,4.5,31.25,338
1772,10,2,4.625,31.25,335
1772,10,5,4.625,31.25,333
1772,10,9,4.75,31.5,333
1772,10,14,4.875,32,334
1772,10,16,4.875,32.25,335
1772,10,21,4.875,32.25,334
1772,10,23,4.938,32.5,333
1772,10,26,4.875,32.5,333
1772,10,28,4.875,32.5,332.5
1772,10,30,4.875,32.5,330
1772,11,2,4.75,32.5,330
1772,11,4,4.75,32.25,329
1772,11,6,4.75,32.25,328
1772,11,9,4.625,32.5,329
1772,11,11,4.625,32.5,330
1772,11,13,4.625,32.5,330
1772,11,16,4.625,32.5,330
1772,11,18,4.75,32.25,330
1772,11,20,4.562,32.5,329
1772,11,23,4.625,32.25,329
1772,11,25,4.75,32.25,329
1772,11,27,4.75,32.25,329
1772,11,30,4.75,32.25,329
1772,12,2,4.75,32.5,331
1772,12,4,4.75,32.5,331
1772,12,7,4.75,32.5,331
1772,12,9,0,32.75,331
1772,12,11,4.75,32.5,330
1772,12,14,4.75,32.5,330
1772,12,16,4.625,32.5,329
1772,12,18,4.5,32.5,329
1772,12,21,4.5,32.25,329
1772,12,23,4.625,32.25,328
1772,12,30,4.5,32,326
1773,1,1,4.375,32,323
1773,1,4,4.375,32.25,323
1773,1,6,4.375,32,323
1773,1,8,4.375,31.5,323
1773,1,11,4.5,31.75,324
1773,1,13,4.25,31.75,323
1773,1,15,4.25,31.75,323
1773,1,18,0,31.5,323
1773,1,20,0,31.5,323
1773,1,22,0,31.5,324
1773,1,25,0,31.5,324
1773,1,27,0,31.75,326
1773,1,29,4.375,31.75,326
1773,2,1,4.25,31.75,327
1773,2,3,4.25,31.25,326
1773,2,5,4.25,31.25,326
1773,2,8,4.25,31.25,326.5
1773,2,10,4.375,31.25,326.5
1773,2,12,4.5,31.25,327
1773,2,15,4.625,31.25,327
1773,2,19,4.75,31.5,327
1773,2,22,4.75,31.75,327
1773,2,24,4.75,32,326
1773,2,26,4.75,32.5,325.5
1773,3,1,4.75,32.88,328.5
1773,3,3,4.75,35.5,328
1773,3,5,4.75,35.5,329
1773,3,8,4.75,35.25,329
1773,3,10,4.75,35,329
1773,3,12,4.75,33.5,328.5
1773,3,15,4.875,33.75,328.5
1773,3,17,4.875,33.75,328
1773,3,19,4.875,34,328
1773,3,22,4.875,34.25,327
1773,3,24,4.875,34.25,327
1773,3,26,4.875,34,327.5
1773,3,29,4.875,34,327
1773,3,31,4.875,34,328
1773,4,2,4.75,33.75,328.5
1773,4,5,4.75,33.75,330
1773,4,7,4.75,33.75,330
1773,4,16,4.75,33.5,328.5
1773,4,19,4.75,33.5,327
1773,4,21,4.75,33.5,329
1773,4,23,4.812,34,326
1773,4,26,4.812,34,324
1773,4,28,4.75,34,325
1773,4,30,4.375,34.25,328
1773,5,3,4.75,34.5,329
1773,5,5,4.75,34.5,329
1773,5,7,4.625,34.5,328
1773,5,10,4.625,34.5,327
1773,5,12,4.625,34.25,324
1773,5,14,4.5,34.25,326
1773,5,17,4.5,34,326
1773,5,19,4.5,34,328
1773,5,21,4.5,34.25,328.5
1773,5,24,4.5,34.25,332
1773,5,26,4.375,34.25,331
1773,6,2,0,34.25,323
1773,6,4,4.375,34.25,323
1773,6,7,4.375,34.25,323
1773,6,9,4.375,34.25,323
1773,6,11,4.375,34.25,323.5
1773,6,14,4.375,34.5,324
1773,6,16,4.438,34.5,323.5
1773,6,18,4.5,34.5,323
1773,6,21,4.5,34.25,323
1773,6,23,4.5,34.25,326
1773,6,25,4.375,34,327
1773,6,28,4.375,34,327
1773,6,30,4.375,34,326
1773,7,2,4.375,34,326
1773,7,5,4.375,34,326
1773,7,7,4.375,34,326
1773,7,9,4.312,34,326
1773,7,12,4.312,34,326.5
1773,7,14,4.25,34,326.5
1773,7,16,4.25,34,326
1773,7,19,0,34,326
1773,7,21,0,34,330
1773,7,23,0,34,330
1773,7,26,0,34,337
1773,7,28,0,34,335
1773,7,30,4.25,34,332
1773,8,2,4.25,34,331
1773,8,4,4.375,34,333
1773,8,9,4.5,34,336
1773,8,11,4.5,33.75,334.5
1773,8,13,4.5,34,335
1773,8,16,4.625,35,335
1773,8,18,4.625,35,335
1773,8,23,4.625,34,334.5
1773,8,25,4.625,34,347
1773,8,27,4.75,34,345
1773,8,30,4.75,34,347.5
1773,9,1,4.75,34.25,352.5
1773,9,3,4.75,34.25,354.5
1773,9,6,4.75,34.25,355.5
1773,9,8,4.812,34.5,355.5
1773,9,10,4.875,34.75,357
1773,9,13,4.75,35.5,362
1773,9,15,4.812,35.5,360
1773,9,17,4.812,35.25,359
1773,9,20,0,35,358
1773,9,22,0,35,360
1773,9,24,4.75,35,359
1773,9,29,4.75,35,358.5
1773,10,1,4.75,35,352
1773,10,4,4.75,35,352
1773,10,6,4.875,35,353
1773,10,8,4.875,35,353
1773,10,11,4.875,34.75,351.5
1773,10,13,4.875,34.5,349.5
1773,10,15,4.875,34.5,350
1773,10,18,4.875,34.5,351
1773,10,20,4.875,34.5,352
1773,10,22,4.875,34.5,354
1773,10,25,4.875,34.5,356.5
1773,10,27,4.875,34.5,357.5
1773,10,29,4.875,34.5,363
1773,11,3,4.875,34.5,356
1773,11,5,4.875,34.5,356
1773,11,8,4.875,34.5,354
1773,11,10,4.875,34.5,353
1773,11,12,4.875,34.25,355
1773,11,15,4.875,34.5,354
1773,11,17,4.875,34.75,357
1773,11,19,4.875,34.5,355
1773,11,22,4.875,34.5,352
1773,11,24,4.875,34.5,352
1773,11,26,4.875,34.75,351
1773,11,29,4.875,34.75,354
1773,12,1,4.875,35,354
1773,12,3,4.875,35,353
1773,12,6,4.875,35,349
1773,12,10,4.875,34.75,349
1773,12,13,4.875,34.75,350
1773,12,15,4.875,34.75,347.5
1773,12,17,4.875,34.75,348
1773,12,20,4.75,34.75,345
1773,12,22,4.75,34.75,345
1773,12,24,4.75,34.75,344.5
1773,12,27,4.875,34.75,342
1773,12,29,4.875,34.75,343
1774,1,3,4.875,34.75,345
1774,1,5,4.875,34.75,344
1774,1,7,4.75,34.75,343
1774,1,10,4.75,34.75,342
1774,1,12,4.75,34.75,341
1774,1,14,4.625,35,339
1774,1,17,0,35,336
1774,1,19,0,35,335
1774,1,21,0,34.75,335.5
1774,1,24,0,34.75,357
1774,1,26,0,34.75,353.5
1774,1,28,4.625,34.75,353
1774,1,31,4.625,34.75,357
1774,2,2,4.625,34.75,353
1774,2,4,4.5,34.75,352
1774,2,7,4.5,34.75,350
1774,2,9,4.625,34.75,352
1774,2,11,4.625,34.75,353
1774,2,14,4.5,34.75,355
1774,2,18,4.5,34.75,358
1774,2,21,4.625,34.75,358.25
1774,2,23,4.667,34.75,356
1774,2,25,4.667,34.75,355.5
1774,2,28,4.75,34.5,356
1774,3,2,4.75,34.5,360.5
1774,3,4,4.75,34.75,363
1774,3,7,4.75,34.75,356
1774,3,9,4.75,34.75,357
1774,3,11,4.75,34.75,357
1774,3,14,4.75,34.75,353
1774,3,16,4.75,34.75,354.5
1774,3,18,4.75,34.75,353
1774,3,21,4.75,34.75,347.5
1774,3,23,4.75,34.75,349
1774,3,25,4.75,34.75,349
1774,3,30,4.75,34.75,348
1774,4,1,4.812,34.75,348
1774,4,6,4.75,34.75,347.5
1774,4,8,4.812,34.75,348.5
1774,4,11,4.75,34.5,348
1774,4,15,4.812,34.5,348.5
1774,4,18,4.812,34.5,348.5
1774,4,22,4.75,34.75,348
1774,4,25,4.812,34.5,348
1774,4,27,4.75,34.5,348
1774,4,29,4.75,34.5,344
1774,5,2,4.75,34.5,345
1774,5,4,4.75,34.5,346
1774,5,6,4.667,34.5,348
1774,5,9,4.625,34.5,350.5
1774,5,11,4.69,34.5,350.5
1774,5,13,4.69,34.25,349
1774,5,18,4.625,34.25,351
1774,5,20,4.69,34.5,355.5
1774,5,25,0,34.5,355.5
1774,5,27,4.625,34.5,354.5
1774,5,30,4.625,34.5,353
1774,6,1,4.625,34.5,353
1774,6,3,4.69,34.5,342
1774,6,6,4.75,34.5,344
1774,6,8,4.625,34.5,345.5
1774,6,10,4.625,34.5,345
1774,6,13,4.69,34.5,346
1774,6,15,4.69,34.5,344
1774,6,17,4,34.75,340
1774,6,20,4.625,34.75,341
1774,6,22,4.625,34.75,339
1774,6,24,4.625,34.75,340
1774,6,27,4.625,34.75,340
1774,6,29,4.625,34.75,340
1774,7,4,4.5,0,343
1774,7,6,4.5,0,344
1774,7,8,4.5,0,342
1774,7,11,4.375,0,341
1774,7,15,4.375,34.75,341
1774,7,18,0,34.75,341
1774,7,20,0,34.75,341
1774,7,22,0,34.75,340
1774,7,25,0,34.75,339.5
1774,7,27,0,34.75,339.5
1774,7,29,4.5,34.75,339.5
1774,8,3,4.375,34.75,338.5
1774,8,5,4.375,34.75,338.5
1774,8,8,4.375,34.75,339
1774,8,10,4.375,34.75,339.5
1774,8,12,4.375,34.75,341
1774,8,15,4.5,34.75,342
1774,8,17,4.5,35,345
1774,8,19,4.5,35,345.5
1774,8,24,4.69,35.25,346
1774,8,26,4.625,35.25,345
1774,8,29,4.625,35.25,343
1774,8,31,4.625,35.25,342
1774,9,2,4.75,35.25,342
1774,9,5,4.75,35.25,341
1774,9,9,4.75,35.25,342.5
1774,9,12,4.75,35.25,342.5
1774,9,14,4.75,35.25,342
1774,9,16,4.75,35,342
1774,9,19,0,35.25,341
1774,9,23,4.75,34.75,342
1774,9,26,4.75,34.5,344
1774,10,3,4.75,34.75,342
1774,10,5,4.75,34.75,342
1774,10,7,4.75,34.75,341.5
1774,10,10,4.75,34.75,342.5
1774,10,12,4.875,34.5,342.5
1774,10,14,4.875,34.5,342.5
1774,10,17,4.875,34.5,342.5
1774,10,19,4.75,34.5,342.5
1774,10,24,4.69,34.5,342.5
1774,10,26,4.875,34.5,342.5
1774,10,28,4.812,34.5,342
1774,10,31,4.812,34.5,341.5
1774,11,2,4.812,34.25,341.5
1774,11,4,4.812,34.25,341
1774,11,7,4.812,34.25,340.5
1774,11,9,4.812,34.25,340.5
1774,11,11,4.812,34.25,341
1774,11,14,4.875,34,341.5
1774,11,16,4.875,34.25,341
1774,11,18,4.75,34.25,343
1774,11,21,4.812,34.25,343
1774,11,23,4.812,34,341
1774,11,25,4.75,34.25,344
1774,11,28,4.75,34,343
1774,11,30,4.69,34,345.5
1774,12,2,4.69,34,346
1774,12,5,4.75,34,347
1774,12,7,4.75,34,350
1774,12,9,4.75,34,351
1774,12,12,4.75,34,351
1774,12,14,4.75,34,346
1774,12,16,4.625,34,347.5
1774,12,19,4.625,34,345.5
1774,12,21,4.625,34,348
1774,12,23,4.625,34,349.5
1774,12,28,4.75,34,351
1774,12,30,4.75,34,353
1775,1,2,4.75,34,352
1775,1,4,4.75,34,352
1775,1,6,4.625,34,351.5
1775,1,9,4.625,34,351
1775,1,11,4.69,34,352.5
1775,1,13,4.562,34,353
1775,1,16,0,34,347
1775,1,18,0,34,346
1775,1,20,0,34,342.5
1775,1,23,0,34,343
1775,1,25,0,34,341
1775,1,27,4.5,34,340
1775,2,1,4.5,34,340
1775,2,3,4.5,34,342.5
1775,2,10,4.5,33.5,341
1775,2,13,4.5,33.5,342.5
1775,2,15,4.5,33.75,346
1775,2,17,4.5,33,345
1775,2,20,4.438,33.25,345
1775,2,22,4.375,33.25,346
1775,2,24,4.375,33,344
1775,2,27,4.375,33,345
1775,3,3,4.438,33.25,347
1775,3,6,4.375,33.25,348
1775,3,8,4.625,33.25,349
1775,3,10,4.625,33.25,349
1775,3,13,4.562,33.25,349
1775,3,15,4.5,33.25,349
1775,3,17,4.5,33.25,349
1775,3,20,4.5,33.25,347
1775,3,22,4.5,33.25,347
1775,3,24,4.5,33.25,345
1775,3,29,4.5,33.5,345.5
1775,4,3,4.5,33.5,345.5
1775,4,5,4.5,33.5,345.5
1775,4,7,4.5,33.5,345.5
1775,4,10,4.5,33.5,345
1775,4,12,4.5,33.5,345
1775,4,14,4.5,33.5,345
1775,4,19,0,33.5,345.5
1775,4,24,4.5,33.5,345.5
1775,4,26,4.5,33.5,345.5
1775,4,28,4.625,33.25,345.5
1775,5,1,4.5,33.5,345
1775,5,3,4.5,33.25,345
1775,5,5,4.5,33.25,345
1775,5,8,4.5,33.25,345.5
1775,5,10,4.5,33.25,346
1775,5,12,4.5,33.25,346
1775,5,15,4.5,33.25,347
1775,5,17,4.375,33.38,355.5
1775,5,19,4.375,33,349
1775,5,22,4.25,33.38,349
1775,5,24,4.25,33,349
1775,5,26,4.375,33,350
1775,5,29,4.375,33,351
1775,5,31,4.375,32.75,350
1775,6,2,4.375,33,343
1775,6,7,0,33,342
1775,6,9,4.5,33,342
1775,6,14,4.5,33,342
1775,6,16,4.5,33,343
1775,6,19,4.5,33,343
1775,6,21,4.625,33,343
1775,6,23,4.5,33,343
1775,6,26,4.562,33,344
1775,6,30,4.5,33,344
1775,7,3,4.5,33,343.5
1775,7,7,4.562,33,344
1775,7,10,4.5,33,344
1775,7,12,4.562,33,344
1775,7,14,4.375,33,344
1775,7,21,0,33,344
1775,7,24,0,33,343.5
1775,7,26,0,33,343.5
1775,7,28,4.625,33,343
1775,7,31,4.625,33,344
1775,8,2,4.625,33,344
1775,8,4,4.625,33,344
1775,8,7,4.75,33,344
1775,8,9,4.75,33,344
1775,8,11,4.438,33,346
1775,8,14,4.812,32.5,346
1775,8,21,4.875,32.38,348
1775,8,23,4.875,32.5,348
1775,8,25,4.875,32.25,348.5
1775,8,28,4.875,32.5,348.5
1775,8,30,4.875,32,348.5
1775,9,1,4.75,32.25,350.5
1775,9,4,4.75,32.25,352
1775,9,6,4.812,32.25,352
1775,9,8,4.875,32.25,352.5
1775,9,11,4.875,32.25,352.5
1775,9,13,4.938,32,352.5
1775,9,15,4.875,32,352.5
1775,9,18,4.875,32,352.5
1775,9,20,4.875,31.5,352.5
1775,9,22,4.875,31.5,354
1775,9,27,0,31.5,355.5
1775,9,29,4.875,31.25,357
1775,10,6,4.875,31.38,354
1775,10,11,4.938,31.25,352.5
1775,10,13,4.875,31,353.5
1775,10,18,5,31.25,354
1775,10,20,5,31.25,354
1775,10,23,4.875,31.25,354.5
1775,10,25,4.875,31.25,352.5
1775,10,27,4.75,31.25,354
1775,10,30,4.812,31.25,353
1775,11,1,4.75,31.25,353.5
1775,11,6,4.75,31.25,354.5
1775,11,10,4.75,31.25,353.5
1775,11,15,4.875,31.25,354
1775,11,17,4.875,31.13,353.5
1775,11,20,4.875,31.13,353.5
1775,11,22,4.938,31.13,352.5
1775,11,24,4.875,31,353
1775,11,27,4.75,31,353
1775,11,29,4.69,31,353.5
1775,12,1,4.875,31,356
1775,12,4,4.75,31,356
1775,12,6,4.875,30.5,355.5
1775,12,8,4.75,29.75,353
1775,12,11,4.75,29.75,353
1775,12,13,4.875,29.75,351
1775,12,15,4.938,29.75,352
1775,12,18,4.875,29.75,352
1775,12,20,4.938,29.75,353
1775,12,22,4.875,30,354
1775,12,27,0,30,355
1775,12,29,4.75,30,356.5
1776,1,1,4.75,30,357
1776,1,3,4.69,30,356.5
1776,1,5,4.625,30,356
1776,1,8,4.625,30,356
1776,1,10,4.625,30,356
1776,1,12,4.625,30,356.5
1776,1,17,0,30,355.5
1776,1,19,0,30,353.5
1776,1,22,0,30,352
1776,1,24,0,30,352.5
1776,1,26,0,30,352
1776,1,29,4.625,30,352
1776,1,31,4.69,30,352.5
1776,2,2,4.69,30,353
1776,2,5,4.625,30,353
1776,2,7,4.69,30,353
1776,2,9,4.5,30,353
1776,2,12,4.625,30,351.5
1776,2,14,4.625,30,351.5
1776,2,16,4.625,30,350.5
1776,2,19,4.625,30,349.5
1776,2,23,4.625,29.25,348
1776,2,26,4.625,28,346.5
1776,2,28,4.625,27.75,346
1776,3,1,4.562,28,352.5
1776,3,4,4.5,28.25,352.5
1776,3,6,4.5,28.38,351.5
1776,3,8,4.5,28.5,351.5
1776,3,11,4.5,28.75,351
1776,3,13,4.625,28.5,350.5
1776,3,15,4.625,28.5,350
1776,3,18,4.5,28.5,350
1776,3,20,4.625,28.5,350
1776,3,22,4.5,28.5,350
1776,3,25,4.625,28.5,350
1776,3,27,4.625,28.5,351
1776,3,29,4.625,28.25,352
1776,4,1,4.812,28.25,352.5
1776,4,3,4.625,28.25,351.5
1776,4,10,0,28.25,350
1776,4,12,4.75,28.25,350
1776,4,15,4.75,28.25,350
1776,4,19,4.625,28.25,350
1776,4,22,4.625,28.25,350
1776,4,24,4.5,28.25,350
1776,4,26,4.625,28.25,350
1776,4,29,4.625,28.25,351
1776,5,1,4.5,28.5,351
1776,5,3,4.5,28.25,351
1776,5,6,4.5,28.25,351.5
1776,5,8,4.5,28.25,351.5
1776,5,10,4.5,28.25,351.5
1776,5,13,4.5,28.25,351.5
1776,5,15,4.5,28.25,351.5
1776,5,17,4.5,28.25,351.5
1776,5,20,4.5,28.25,351.5
1776,5,22,4.5,28.5,351
1776,5,29,0,28.75,351
1776,5,31,4.5,29.13,356.5
1776,6,3,4.562,29.5,344
1776,6,5,4.75,30,344.5
1776,6,7,4.75,29.75,344.75
1776,6,10,4.75,30,348.5
1776,6,12,4.812,29.75,347.5
1776,6,14,4.812,30,348
1776,6,17,4.875,30,347.5
1776,6,19,4.875,30,347
1776,6,21,4.875,30,347
1776,6,24,4.875,30,346
1776,6,26,4.875,30.5,346
1776,6,28,4.875,30.5,346
1776,7,1,4.812,30.25,345.5
1776,7,3,4.812,30.5,345.5
1776,7,5,4.75,30.75,346.5
1776,7,8,4.75,31,345.5
1776,7,10,4.812,31,345
1776,7,12,4.875,31,344.5
1776,7,15,0,31,344.5
1776,7,17,0,30.75,343.5
1776,7,19,0,30.5,343
1776,7,22,0,30.5,343
1776,7,24,0,30.5,342
1776,7,26,4.875,30.75,341.5
1776,7,29,4.938,30.5,341.5
1776,7,31,4.875,30,342.5
1776,8,2,4.75,30.5,342.5
1776,8,5,4.75,30.5,344
1776,8,7,4.875,30.5,344.5
1776,8,9,4.812,30.5,345
1776,8,12,4.812,30.5,345
1776,8,14,4.875,30.5,345
1776,8,16,4.875,30.5,345
1776,8,19,4.875,30.75,345
1776,8,21,4.875,30.75,343
1776,8,23,4.875,30.5,341.5
1776,8,26,4.875,30.5,341.5
1776,8,28,4.875,30.75,340
1776,8,30,4.938,31,342
1776,9,2,4.875,31,346
1776,9,6,4.875,30.75,346.5
1776,9,9,4.938,30.75,349
1776,9,11,4.875,30.75,349
1776,9,13,4.875,30.75,349
1776,9,16,4.875,30.75,349
1776,9,18,4.875,30.75,349
1776,9,20,4.938,30.75,348
1776,9,25,0,31.5,352
1776,9,27,4.938,31.5,352
1776,9,30,5,31.25,352.5
1776,10,2,5,32,352
1776,10,4,4.875,32,351
1776,10,7,5,32,352.5
1776,10,9,4.875,32,355
1776,10,11,4.875,32,355
1776,10,14,4.875,31.75,359
1776,10,16,4.938,31.75,359
1776,10,18,4.875,30.25,359
1776,10,21,4.875,29.75,353.5
1776,10,23,5,29.25,356
1776,10,25,5,29.5,357
1776,10,28,5,29.25,355.25
1776,10,30,5,29.25,354.5
1776,11,1,5,29.25,355
1776,11,4,5,29.25,356
1776,11,6,5,29,357
1776,11,8,5,29.5,355.5
1776,11,11,5,29.25,355.5
1776,11,13,5,29.5,356.5
1776,11,15,5,29.5,357
1776,11,18,4.938,29.5,356
1776,11,20,4.875,29.5,356.5
1776,11,22,4.938,29.25,356
1776,11,25,5,30.88,355.5
1776,11,27,5,31.75,354
1776,11,29,5,31,354
1776,12,2,5,30.75,355.5
1776,12,4,5,30.5,354.5
1776,12,6,5,30.5,354.5
1776,12,9,5,30.75,357.5
1776,12,11,5,31,354
1776,12,13,4.875,31,354.5
1776,12,16,4.875,31,355
1776,12,18,4.875,31,354.5
1776,12,20,4.875,31,353.5
1776,12,23,4.875,31,353.5
1776,12,27,4.875,31,355
1776,12,30,4.875,31,355
1778,1,2,4.875,28.25,373
1778,1,5,4.875,29,371.5
1778,1,7,4.875,29,371.5
1778,1,9,4.875,29,371.5
1778,1,12,4.875,29.25,369
1778,1,14,4.875,29.5,368.5
1778,1,16,4.875,29.5,373
1778,1,19,0,29.5,373
1778,1,21,0,29,372.5
1778,1,23,0,28.75,370.5
1778,1,26,0,28.75,370.5
1778,1,28,0,28.75,370.5
1778,1,30,5,28.75,370.5
1778,2,2,4.875,28.5,372
1778,2,4,4.875,28.75,371
1778,2,6,4.875,28.75,369
1778,2,9,4.875,28.5,368.5
1778,2,11,4.812,28.5,368
1778,2,13,4.75,28.5,369.5
1778,2,16,4.75,28.75,371
1778,2,20,4.812,28.5,370
1778,2,23,4.75,28.5,365.5
1778,2,27,4.75,28.75,368
1778,3,2,4.75,28.75,368.5
1778,3,4,4.75,28.75,370
1778,3,6,4.75,28.75,372
1778,3,9,4.75,28.75,372
1778,3,11,4.75,28.75,379
1778,3,13,4.812,28.75,380
1778,3,16,4.75,28.75,370.5
1778,3,18,4.875,28.5,370
1778,3,20,4.875,28.5,370
1778,3,23,4.938,26,367.5
1778,3,25,4.875,26,368.5
1778,3,27,4.875,26.5,366
1778,3,30,4.875,26,361
1778,4,1,4.875,27,361
1778,4,3,4.875,27,357.5
1778,4,6,4.875,27,360
1778,4,8,4.812,27,360
1778,4,10,4.75,27,361
1778,4,15,4.75,26.75,363
1778,4,17,4.625,26.25,364
1778,4,22,0,26.5,364
1778,4,24,4.75,26.5,360.5
1778,4,27,4.75,26.75,358
1778,4,29,4.75,26.75,357.5
1778,5,1,4.69,26.75,358
1778,5,4,4.625,26.5,358
1778,5,6,4.625,26.5,358
1778,5,8,4.5,26.5,358
1778,5,11,4.5,26.75,358
1778,5,13,4.438,27.25,356
1778,5,15,4.5,27.25,352
1778,5,18,4.5,27.25,351.5
1778,5,20,4.438,27.25,354
1778,5,22,4.375,28,353
1778,5,25,4.375,28.25,352.5
1778,5,27,4.375,27.5,350.5
1778,5,29,4.438,26.5,349.5
1778,6,3,4.562,26.5,342
1778,6,5,4.562,26.5,345.5
1778,6,10,0,26.5,345
1778,6,12,4.625,26.5,347
1778,6,15,4.69,26.5,347
1778,6,17,4.75,26.5,346.5
1778,6,19,4.812,26.5,346.5
1778,6,22,4.75,26.5,346.5
1778,6,24,4.75,26.5,347
1778,6,26,4.625,26.5,345
1778,6,29,4.375,26.5,345
1778,7,1,4.5,26.5,344.5
1778,7,3,4.562,26.5,343
1778,7,6,4.5,26.5,342
1778,7,8,4.438,26.5,341
1778,7,10,4.375,26.75,340.5
1778,7,13,4.375,26.5,340
1778,7,15,4.375,26.5,343
1778,7,17,4.375,26.5,344
1778,7,20,0,26.5,342
1778,7,22,0,26.5,342
1778,7,24,0,26.5,343.5
1778,7,27,0,26.5,344
1778,7,29,0,26.5,344
1778,7,31,4.5,27,345
1778,8,3,4.375,27,347
1778,8,5,4.375,27,346
1778,8,7,4.25,27,346
1778,8,10,4.375,27,347.5
1778,8,12,4.375,26.5,347.5
1778,8,14,4.375,26.5,348.5
1778,8,17,4.375,26.5,350
1778,8,19,4.31,26.5,350.5
1778,8,24,4.31,26.5,350.5
1778,8,26,4.375,26.5,352
1778,8,28,4.375,26.5,350.5
1778,8,31,4.5,26.5,350.5
1778,9,2,4.562,27.25,353
1778,9,4,4.5,27.25,353
1778,9,7,4.5,27.25,357.5
1778,9,9,4.5,27.25,355.5
1778,9,11,4.5,27.25,355.5
1778,9,14,4.375,27.25,354
1778,9,16,4.375,27.25,354
1778,9,18,4.625,27.25,353.5
1778,9,21,0,27.25,354
1778,9,25,4.69,27.25,355.5
1778,9,28,4.69,27.5,355.5
1778,10,2,4.625,27.5,355
1778,10,5,4.5,28.25,357
1778,10,9,4.562,28.5,357
1778,10,12,4.625,28.75,358
1778,10,16,4.625,28.75,354.5
1778,10,19,4.625,28.75,355.5
1778,10,21,4.625,28.75,355.5
1778,10,23,4.625,29,355.5
1778,10,26,4.625,29,355.5
1778,10,28,4.625,29,355.5
1778,10,30,4.69,29,355.5
1778,11,2,4.69,29,355.5
1778,11,4,4.625,28.75,356
1778,11,6,4.625,29,356
1778,11,9,4.625,28.75,356.5
1778,11,11,4.625,28.75,356
1778,11,13,4.625,28.75,355.5
1778,11,16,4.562,28.5,355.5
1778,11,18,4.562,28.5,355.5
1778,11,20,4.562,28.25,355.25
1778,11,23,4.5,28.75,354.5
1778,11,25,4.5,28.75,354.5
1778,11,27,4.5,28.75,353
1778,11,30,4.5,28.75,352
1778,12,2,4.5,29,355
1778,12,4,4.438,29,354.5
1778,12,7,4.375,29,356
1778,12,9,4.438,29,356
1778,12,11,4.438,29,356
1778,12,14,4.5,29,357
1778,12,16,4.5,29,358.5
1778,12,18,4.375,29,358.5
1778,12,21,4.438,29,356
1778,12,23,4.438,29,356
1778,12,28,4.375,29,356
1778,12,30,4.375,29,355
1779,1,1,4.438,29,355
1779,1,4,4.375,29,354.5
1779,1,6,4.375,29,354.5
1779,1,8,4.31,29.25,355
1779,1,11,4.31,29.25,355
1779,1,13,4.375,29.25,355
1779,1,15,4.375,29.5,355
1779,1,18,0,29.5,354
1779,1,20,0,29.5,354
1779,1,22,0,29.5,352.5
1779,1,27,0,29.5,353.5
1779,1,29,4.5,29.5,352.5
1779,2,1,4.5,29.5,353
1779,2,3,4.31,29.5,352
1779,2,5,4.25,29.5,351
1779,2,8,4.25,29.5,350.5
1779,2,10,4.25,29.5,350.5
1779,2,12,4.25,29.13,352.5
1779,2,15,4.25,29,352.5
1779,2,17,4.25,29,353
1779,2,19,4.25,29.5,354
1779,2,22,4.25,29,350.5
1779,2,26,4.25,29.5,350
1779,3,1,4.31,29.5,349.5
1779,3,3,4.375,30,357
1779,3,5,4.31,30.5,356
1779,3,8,4.375,30.5,355.5
1779,3,10,4.375,31,355.5
1779,3,12,4.938,31.5,355.5
1779,3,15,4.31,33,355.5
1779,3,22,4.31,32.25,355
1779,3,24,4.31,32.25,354.5
1779,3,26,4.375,32.5,354.5
1779,3,29,4.375,32.5,354.5
1779,3,31,4.375,32.5,356
1779,4,12,4.438,32.25,356.5
1779,4,14,4.438,32,348
1779,4,16,4.438,31,344.5
1779,4,19,4.69,31,344.5
1779,4,21,4.625,30.25,342.5
1779,4,23,4.438,29.5,343
1779,4,26,4.31,29.5,342
1779,4,28,4.31,29.25,341
1779,4,30,4.31,29.25,339.5
1779,5,5,4.375,29.25,339
1779,5,7,4.375,29.25,340
1779,5,10,4.375,29.25,339.5
1779,5,12,4.375,29.25,339.5
1779,5,14,4.25,29.25,339.5
1779,5,17,4.25,29.25,339.5
1779,5,19,4.25,29,338
1779,5,26,0,29.25,336
1779,5,28,4.375,29,338
1779,5,31,4.375,29.25,342
1779,6,2,4.438,30,334
1779,6,4,4.375,30,333
1779,6,7,4.375,30,331
1779,6,11,4.5,30.25,331.5
1779,6,14,4.5,30.25,332
1779,6,16,4.5,30.25,330
1779,6,18,4.5,30,328
1779,6,21,0,30,328
1779,6,23,4.5,31,325.5
1779,6,25,4.5,30.5,322
1779,6,28,4.5,30.5,321.5
1779,6,30,4.5,30.5,325
1779,7,2,4.5,30.5,328
1779,7,5,4.625,30.25,325
1779,7,7,4.625,30.5,325
1779,7,9,4.69,30.5,327
1779,7,12,4.69,31.5,327.5
1779,7,16,4.562,31.5,327.5
1779,7,21,0,31.5,326
1779,7,26,0,32,324
1779,7,28,0,31.75,327.5
1779,7,30,4.625,31.5,327
1779,8,2,4.562,31.75,327
1779,8,4,4.438,31.75,327
1779,8,6,4.438,31.75,327
1779,8,9,4.438,31.75,329
1779,8,11,4.5,31.75,329
1779,8,13,4.5,31.75,327
1779,8,16,4.5,31.75,327
1779,8,18,4.375,31.75,329
1779,8,20,4.5,31.75,330
1779,8,23,4.5,31.75,329
1779,8,25,4.5,31.75,330
1779,8,27,4.5,31.88,331
1779,8,30,4.5,32,332
1779,9,1,4.562,32.63,334.5
1779,9,3,4.625,32.38,334
1779,9,6,4.625,33,335
1779,9,8,4.625,33,337
1779,9,10,4.625,33.5,337
1779,9,13,4.625,33.25,335.5
1779,9,15,4.69,33.5,337.5
1779,9,17,4.75,33.5,338
1779,9,22,0,34.5,339.5
1779,9,24,4.812,35.5,339
1779,9,27,4.812,36.5,338.5
1779,9,29,4.875,37,337.5
1779,10,1,4.875,38.5,337.5
1779,10,4,4.875,38.5,335
1779,10,6,4.875,37.25,335
1779,10,8,4.875,37,335
1779,10,11,4.875,35.5,335
1779,10,13,4.875,35.5,335
1779,10,15,4.875,36,333.5
1779,10,18,4.875,36.25,333
1779,10,20,4.75,36,333
1779,10,22,4.81,36,333
1779,10,25,4.81,36.25,333
1779,10,27,4.81,36.5,333
1779,10,29,4.81,36.5,333
1779,11,1,4.81,36.5,331.5
1779,11,3,4.81,36.25,332
1779,11,5,4.81,36.25,330.5
1779,11,8,4.81,36.25,329.5
1779,11,10,4.81,36,329.5
1779,11,15,4.75,36,329.5
1779,11,17,4.75,34.5,330
1779,11,19,4.81,35,330
1779,11,22,4.625,35,329
1779,11,24,4.625,36,330
1779,11,26,4.69,36,330
1779,11,29,4.69,36.5,328
1779,12,1,4.5,35.25,329
1779,12,3,4.5,35.25,329
1779,12,6,4.562,36,329
1779,12,8,4.625,35.5,327
1779,12,10,4.625,35.5,327.5
1779,12,13,4.562,35.5,327.5
1779,12,20,4.438,35.5,327.5
1779,12,24,4.5,34.5,326
1779,12,27,4.5,34,326.5
1779,12,29,4.438,34,328
1783,1,1,3.75,29,252
1783,1,3,3.375,29,249
1783,1,6,3.375,29.5,252
1783,1,8,3.375,29.5,255
1783,1,10,3.18,29.5,255
1783,1,13,3.062,29,256
1783,1,15,3.75,29.5,255
1783,1,17,3.062,29.5,253
1783,1,20,0,29.5,262
1783,1,22,0,29.5,276
1783,1,24,0,30.5,284
1783,1,27,0,31.5,278
1783,1,29,0,30.75,270
1783,1,31,3,30.25,268
1783,2,3,3,30.5,264
1783,2,5,3.062,30,260
1783,2,7,3.062,30,260
1783,2,10,3,30.5,262
1783,2,12,3.062,30.5,263
1783,2,14,3.062,30.5,258
1783,2,17,3.18,30.5,256
1783,2,24,3.75,30,250
1783,2,26,4,30.5,250
1783,2,28,4,31,253
1783,3,3,4,30.5,258
1783,3,5,3.938,30.75,258
1783,3,7,3.812,30.75,258
1783,3,10,3.812,30.75,260
1783,3,14,3.625,30.5,261
1783,3,17,3.625,30.5,260
1783,3,19,3.625,30.5,251
1783,3,24,3.625,30.5,248
1783,3,28,3.625,30.75,250
1783,3,31,3.562,30.75,249.5
1783,4,2,3.375,30.5,249.5
1783,4,4,3.31,30.75,254
1783,4,7,3.25,30.75,254.5
1783,4,9,3.25,31,255
1783,4,11,3.062,31,251
1783,4,14,3.062,31,252
1783,4,25,3,31.5,252
1783,4,28,3,32,250
1783,4,30,3,32.25,247
1783,5,2,3,32.75,248
1783,5,5,3,33,249
1783,5,7,3,35.25,249
1783,5,12,3,37,249
1783,5,14,3,37.5,247
1783,5,16,3,37.5,249
1783,5,19,3,37,245
1783,5,23,3,37,249
1783,5,26,3,36,251
1783,5,28,3,36,250
1783,5,30,3,36,250
1783,6,2,3,36,256
1783,6,4,3,36.5,254
1783,6,13,2.875,37,235
1783,6,18,2.5,37,228
1783,6,20,2,37,231
1783,6,23,2,37,233
1783,6,27,2.375,37,235.5
1783,6,30,2.438,37,235
1783,7,2,2.625,37,235
1783,7,4,2.81,37,235
1783,7,7,2.875,37,233
1783,7,16,3.125,36.75,233
1783,7,18,3.25,36,238
1783,7,21,0,36,236
1783,7,25,0,35,238
1783,7,28,0,35,237
1783,7,30,0,35,235
1783,8,1,3.5,35,235
1783,8,4,3.5,35,234
1783,8,6,3.438,35,234
1783,8,8,3.375,35,233
1783,8,11,3.875,35,233
1783,8,13,3.25,34.5,234
1783,8,18,3.125,34,241
1783,8,20,3.125,35,235
1783,8,22,3.125,34.25,222
1783,8,25,3.31,34.25,222
1783,8,27,3.31,34.5,226
1783,8,29,3.31,35.5,230
1783,9,1,3.31,35,236
1783,9,3,3.125,35,235
1783,9,5,3.5,35,235
1783,9,8,3.5,35,235
1783,9,10,3.69,35,233
1783,9,12,3.69,35,232
1783,9,15,3.69,35,228
1783,9,19,3.25,34.75,225
1783,9,22,0,34.75,223
1783,9,24,0,34.75,223
1783,9,26,3.875,34.75,223
1783,9,29,3.875,35,219
1783,10,1,3.875,34.75,220
1783,10,3,3.875,34.75,228
1783,10,8,3.875,34.75,225
1783,10,10,3.875,34.75,225
1783,10,13,3.875,34.75,225
1783,10,15,3.875,34.75,225
1783,10,17,3.875,34.75,228
1783,10,20,3.875,34.5,228
1783,10,22,3.938,34.75,227
1783,10,24,4,34.5,228
1783,10,27,4,35,228
1783,10,29,3.938,35,229
1783,11,3,3.875,34.75,226
1783,11,5,3.875,34.75,227
1783,11,7,0,34.75,227
1783,11,10,4.875,34.75,229
1783,11,12,4.125,34.75,230
1783,11,14,4.125,34.75,228
1783,11,17,4.125,34.75,227
1783,11,21,4.81,34.75,225
1783,11,28,4.31,34,220
1784,6,11,3.5,30,228
1784,6,16,3.5,30,228
1784,6,18,0,29.5,228
1784,6,23,3.375,29.75,228
1784,6,25,3.375,30,227
1784,6,28,3.375,30,228
1784,6,30,3.5,30,230
1784,7,2,3.438,30,228
1784,7,5,3.5,30,229
1784,7,7,3.5,30,228
1784,7,9,3.5,30,230
1784,7,12,3.5,30,232
1784,7,14,3.625,30,231
1784,7,16,3.625,30,232
1784,7,21,0,30,232
1784,7,23,0,30,231
1784,7,26,0,30,230
1784,7,28,0,30,230
1784,7,30,3.69,30,230
1784,8,2,3.75,29.5,230
1784,8,4,3.69,29.5,229
1784,8,6,3.625,29.5,228
1784,8,11,3.69,29.5,229
1784,8,13,3.75,30,229
1784,8,16,3.75,30,229
1784,8,18,3.75,30,230
1784,8,20,3.75,30,227.25
1784,8,25,3.75,30,227.5
1784,8,27,3.75,30,227
1784,8,30,3.81,30,223
1784,9,3,3.75,29.5,220
1784,9,8,3.69,29.5,216
1784,9,10,3.69,29.5,216
1784,9,13,3.69,29.5,219
1784,9,15,3.75,29.5,219
1784,9,20,0,29.5,218
1784,9,22,0,29.25,220
1784,9,27,3.875,29.5,221
1784,9,29,3.875,29.5,222
1784,10,13,4,29,215
1784,10,15,4,29,215
1784,10,22,4.25,29,215
1784,10,27,4.25,29,215
1784,10,29,4.25,29,215
1784,11,3,4.25,29,212
1784,11,5,4.125,28,208
1784,11,10,4,27,200
1784,11,12,4,27,200
1784,11,15,3.938,27,200
1784,11,17,0,27,200
1784,11,19,3.81,27,198
1784,11,22,3.75,27.25,192
1784,11,24,3.81,27,199
1784,11,26,3.81,27,200
1784,11,29,3.81,27,201
1784,12,1,4,0,206
1784,12,3,4.062,28.25,206
1784,12,6,4.062,28.5,206
1784,12,8,4,28.5,206
1784,12,10,3.938,28.5,206
1784,12,13,3.81,28.5,206
1784,12,15,3.938,28.5,206
1784,12,17,3.875,28.5,206
1784,12,20,3.81,28.5,204
1784,12,22,3.75,28.5,202
1784,12,24,3.69,28.5,202
1784,12,27,3.69,28.5,202
1784,12,29,3.562,28.5,202
1786,1,2,2.25,28,218.5
1786,1,4,2.25,28,218.5
1786,1,6,2.25,28,220
1786,1,11,2.125,26.75,221
1786,1,13,3.31,27,221
1786,1,18,0,27,219
1786,1,20,0,27,219
1786,1,25,0,26.75,219
1786,1,27,2,27.25,219
1786,1,30,2,27.25,218
1786,2,1,2,27.5,216
1786,2,8,1.75,27.5,212
1786,2,10,1.75,27.5,210
1786,2,15,1.875,27.25,210
1786,2,20,1.75,27.25,219
1786,2,22,1.75,27.25,220
1786,2,24,1.81,27.25,220.5
1786,2,27,1.875,27,218
1786,3,3,2,27.5,221
1786,3,15,2.125,27.5,220
1786,3,17,2.25,26.5,221
1786,3,22,2.125,26.5,223
1786,3,24,2,26.5,222
1786,3,27,2.19,26.5,222
1786,3,31,2.062,26.5,222
1786,4,3,2.125,26.5,235
1786,4,7,2.25,0,233.5
1786,4,10,2.25,0,234
1786,4,21,2.125,26.5,233
1786,4,24,2.162,26.5,234
1786,4,28,2,26.5,233
1786,5,3,1.938,0,231
1786,5,5,1.938,0,230
1786,5,8,1.938,0,230
1786,5,10,1.938,0,230
1786,5,12,1.875,26.5,230
1786,5,19,1.938,25,229
1786,5,22,2,25,232
1786,5,24,1.75,25,232
1786,5,26,1.938,25,231.25
1786,5,31,1.81,25,236
1786,6,7,0,25.5,233
1786,6,9,1.81,25.5,235
1786,6,12,1.875,25.5,235
1786,6,14,1.875,25.5,232
1786,6,16,1.875,25,231
1786,6,19,2.062,25,231.5
1786,6,21,2.25,25,231
1786,6,28,2.938,23,230
1786,6,30,2.31,25,230
1786,7,3,2.5,23,230
1786,7,5,2.75,23,230
1786,7,10,2.69,23,230
1786,7,12,2.75,23,230
1786,7,14,2.75,23,230
1786,7,19,0,23.75,230
1786,7,21,0,24,230
1786,7,26,0,25,233
1786,7,28,2.875,25,234
1786,7,31,2.875,25,234
1786,8,7,2.875,28.5,237
1786,8,9,3.375,28,240
1786,8,11,3,28,243.5
1786,8,16,3.375,28,244
1786,8,18,3.25,28,252
1786,8,21,3.375,27.5,268
1786,8,28,3.375,27,256
1786,9,1,3.375,26.5,258
1786,9,6,3.25,26.5,259.5
1786,9,11,3.062,26.5,253
1786,9,13,3.062,26.5,253
1786,9,15,3.25,26.5,249
1786,9,18,3.19,26.5,251
1786,9,20,3.125,26.5,252
1786,9,22,0,26.5,254
1786,10,4,3.25,26.5,247
1786,10,20,3.25,26.5,250
1786,10,27,3.31,26.5,249.5
1786,11,3,3.25,26.5,250
1786,11,8,3.5,26,251
1786,11,10,3.5,26,251
1786,11,20,3.125,26,250
1786,11,24,3.125,25,252
1786,11,27,3.125,25,252
1786,12,1,3.31,25.5,253
1786,12,4,3.25,24.5,252
1786,12,6,3.5,24.5,253
1786,12,8,3.5,24.5,251.5
1786,12,11,3.438,24.5,252
1786,12,13,3.438,24.5,252
1786,12,15,3.31,24.5,252
1786,12,18,3,24.5,252
1786,12,20,3.062,24.5,252.5
1786,12,22,0,24.5,254
1788,12,31,2.69,15.75,217
1789,1,2,2.69,15.75,217
1789,1,5,2.625,15.75,217
1789,1,12,2.81,15.75,217
1789,1,19,0,15.75,216
1789,1,23,0,15.75,216
1789,1,26,0,15.75,216
1789,2,4,2.75,15,215
1789,2,6,2.69,14.5,213.5
1789,2,11,2.75,14,211
1789,2,13,2.75,14.5,211
1789,2,20,2.81,14.5,207
1789,2,27,2.938,14,206
1789,3,4,3,0,210.5
1789,3,11,2.938,14,210
1789,3,20,3,14,214
1789,3,25,2.938,14,212.25
1789,3,27,2.938,14,212.5
1789,3,30,2.938,14,210.5
1789,4,3,2.938,14,212.5
1789,4,15,0,14.5,218
1789,4,22,2.938,15,218
1789,4,24,2.938,15.5,216
1789,5,8,3,15.5,211
1789,5,18,2.938,15.5,212
1789,5,22,2.938,15.5,212
1789,5,29,2.938,16.25,214.5
1789,6,3,0,16.25,215
1789,6,10,2.938,16.25,213
1789,6,15,2.875,16.25,213
1789,6,17,2.75,16.25,213
1789,6,19,2.875,16.25,213
1789,7,1,2.625,16,209
1789,7,3,2.625,15.75,209
1789,7,8,2.69,15.75,209
1789,7,17,2.125,15.75,209
1789,7,29,0,15.75,208
1789,8,14,1.81,15,204
1789,8,21,2,15,202
1789,8,26,2.438,15,206
1789,9,4,2.375,13.25,208
1789,9,16,2.19,14.25,210
1789,9,25,2.25,14.5,210
1789,10,16,2.75,14.5,207
1789,10,26,2.625,14,207
1789,10,30,2.25,14,207
1789,11,11,2.5,14,207
1789,11,13,2.438,14,207
1789,11,20,2.31,14,200
1789,11,25,2.69,14,200
1789,12,2,2.625,14,202
1789,12,4,2.625,14.25,202
1789,12,7,2.438,14.25,206
1789,12,23,2.31,14,207
1789,12,28,2.25,15,207
1789,12,30,2.125,15,207
1791,1,3,0,22.25,184.5
1791,1,12,0,22.75,185
1791,1,14,0,24,185
1791,1,24,0,23,185
1791,2,4,0,22.5,180
1791,2,16,0,20.75,181
1791,3,4,0.375,21,172
1791,3,9,0.5,21.5,172
1791,3,18,0,22,168
1791,4,6,0,22,168
1791,4,29,0,22,168
1791,5,11,0,21.75,164
1791,5,20,0,22,164
1791,6,15,0,22,160
1791,6,22,0.31,22,160
1791,6,29,0.31,22,160
1791,7,22,0,22,155
1791,8,3,0.625,22.75,153
1791,8,5,0.562,23.25,158
1791,8,24,0.625,23,198
1791,8,26,0.938,23.25,203.5
1791,9,16,1,23,200
1791,10,12,0.875,23,195
1791,11,4,0.375,24.25,186
1791,11,18,0.25,24,186
1791,12,9,0.625,24.5,195
1791,12,30,0.125,27,186
1791,12,31,0,22.25,197
1792,1,2,0.31,27,173.5
1792,1,4,0.25,27,178
1792,1,18,0,27.25,190
1792,2,6,0.438,0,192
1792,2,10,0.375,0,192
1792,2,29,0.562,0,194
1792,3,5,0.69,0,196
1792,3,28,0.5,0,190.5
1792,3,30,0.562,0,190.5
1792,4,4,0.438,0,174
1792,4,11,0,0,174
1792,4,16,0.31,0,177
1792,5,25,0.438,0,180
1792,5,30,0,0,180
1792,6,1,0.438,0,180
1792,6,4,0.375,0,180
1792,6,8,0.375,0,178
1792,8,24,0.69,0,182.5
1792,8,27,0.69,0,182.5
1792,8,29,0.75,0,182
1792,8,31,0.75,0,182
1792,9,3,0.69,0,182
1792,9,5,0.75,0,182
1792,9,7,0.81,0,182
1792,9,10,0.75,0,182
1792,9,12,0.81,0,182
1792,9,19,0.75,0,182
1792,9,21,0.938,0,182
1792,9,28,0.938,0,182
1792,10,3,0.875,0,182
1792,10,5,0.875,0,182
1792,10,10,0.75,0,182
1792,10,15,0.69,0,183
1792,10,17,0.75,0,183
1792,10,19,0.75,0,183
1792,10,24,0.69,0,183
1792,10,26,0.69,0,183
1792,10,29,0.69,0,183
1792,10,31,0.75,0,183
1792,11,2,0.75,0,183
1792,11,5,0.875,0,183
1792,11,7,0.875,0,183
1792,11,9,0.875,0,183
1792,11,14,1.062,0,183
1792,11,16,1,0,185
1792,11,19,1,0,184.5
1792,11,21,0,0,178.5
1792,11,23,0.938,0,178.5
1792,11,26,0.875,0,168.5
1792,11,30,0.938,0,169
1792,12,5,1.125,0,170
1792,12,7,1.062,0,170
1792,12,12,0.875,0,172.5
1792,12,14,0.875,0,175
1792,12,19,0.81,0,174
1792,12,21,0.875,0,173
1792,12,24,0,0,172
1792,12,28,0.938,0,170
1793,1,2,0.938,0,150
1793,1,4,0.81,0,145
1793,1,7,0.69,0,155
1793,1,9,0.69,0,155
1793,1,11,0.81,0,155
1793,1,14,0,0,155
1793,1,16,0,0,155
1793,1,18,0,0,155
1793,1,21,0,0,158
1793,1,23,0,0,158
1793,1,25,0.938,0,158
1793,1,28,0.69,0,158
1793,1,30,0.562,0,158
1793,2,1,0.5,0,158
1793,2,4,0.25,0,158
1793,2,6,0.31,0,155
1793,2,8,0.25,0,150
1793,2,11,0.25,0,150
1793,2,18,0.125,0,153
1793,2,20,0.25,0,148
1793,2,22,0.25,0,147.5
1793,2,25,0.25,0,149.5
1793,2,27,0.19,0,146.5
1793,3,1,0.19,0,142.5
1793,3,4,0.19,0,144.5
1793,3,6,0.19,0,148
1793,3,8,0.19,0,153
1793,3,11,0.19,0,150
1793,8,2,1.69,0,144
1793,8,7,1.69,0,142
1793,8,9,1.75,0,142
1793,8,12,1.875,0,141
1793,8,14,1.875,0,141
1793,8,16,1.938,0,143
1793,8,19,2,0,142
1793,8,21,2.5,0,142
1793,8,28,2.31,0,145
1793,9,2,2.25,0,146
1793,9,13,2.19,0,145
1793,9,20,2.19,0,145
1793,9,23,0,0,145
1793,9,25,0,0,145
1793,10,9,2.31,0,145
1793,10,16,2.31,0,145
1793,10,18,2.375,0,145
1793,10,21,2.31,0,145
1793,10,23,2.375,0,145
1793,10,25,2.31,0,145
1793,10,28,2.25,0,143
1793,10,30,2.25,0,143
1793,11,1,2.125,0,143
1793,11,8,1.875,0,140
1793,11,15,2.125,0,145
1793,11,22,2,0,146.5
1793,11,25,2,0,146.5
1793,11,27,2.062,0,146.5
1793,11,29,2,0,146.5
1793,12,4,2,0,146.5
1793,12,6,1.938,0,146.5
1793,12,9,2.062,0,146.5
1793,12,16,2,0,146.5
1793,12,23,1.938,0,146.5
1793,12,27,1.938,0,146.5
1793,12,30,1.938,0,146.5
1794,1,1,1.938,0,134
1794,1,3,2,0,134
1794,1,6,1.938,0,134
1794,1,8,1.938,0,134
1794,1,10,1.938,0,134
1794,1,13,1.875,0,134
1794,1,17,1.81,0,134
1794,1,20,0,0,134
1794,1,24,0,0,134
1794,1,27,0,0,130
1794,2,3,1.69,0,130
1794,2,5,1.69,0,130
1794,2,7,1.625,0,130
1794,2,14,1.625,0,130
1794,2,19,1.69,0,132
1794,2,21,1.69,0,127
1794,2,24,1.75,0,127
1794,2,26,1.75,0,125
1794,3,5,1.69,0,125
1794,3,7,1.69,0,125
1794,3,12,1.69,0,125
1794,3,14,1.625,0,125
1794,3,19,1.69,0,125
1794,3,24,1.69,0,120
1794,3,31,1.375,0,120
1794,4,2,1.375,0,120
1794,4,4,1.375,0,120
1794,4,7,1.69,0,120
1794,4,9,1.625,0,120
1794,4,18,1.562,0,120
1794,4,30,0,0,125
1794,5,2,1.625,0,128
1794,5,5,1.625,0,125
1794,5,12,1.562,0,128
1794,6,13,1.81,0,127
1794,6,27,1.625,0,123
1794,7,7,1.438,0,120
1794,7,14,1.125,0,120
1794,9,3,0,0,122
1794,11,7,0,0,122
1794,11,12,0,0,122
1794,11,21,0,0,128.5
1794,11,28,0,0,128.5
1794,12,1,0,0,128.5
1794,12,5,0,0,128.5
1794,12,12,0,0,128.5
1794,12,19,0,0,128.5
1794,12,26,0,0,128.5
1794,12,29,0,0,128.5
1794,12,31,0,0,128.5
1795,1,2,0,0,116
1795,1,5,0,0,128.5
1795,1,9,0,0,128.5
